ObjID,FieldID,fieldMJD_TAI,fieldJD_TDB,Range_LTC_km,RangeRate_LTC_km_s,RATrue_deg,RARateCosDec_deg_day,DecTrue_deg,DecRate_deg_day,Obj_Sun_x_LTC_km,Obj_Sun_y_LTC_km,Obj_Sun_z_LTC_km,Obj_Sun_vx_LTC_km_s,Obj_Sun_vy_LTC_km_s,Obj_Sun_vz_LTC_km_s,Obs_Sun_x_km,Obs_Sun_y_km,Obs_Sun_z_km,Obs_Sun_vx_km_s,Obs_Sun_vy_km_s,Obs_Sun_vz_km_s,phase_deg,FORMAT,q,e,inc,node,argPeri,t_p_MJD_TDB,epochMJD_TDB,H_filter,GS,visitTime,visitExposureTime,optFilter,seeingFwhmGeom_arcsec,seeingFwhmEff_arcsec,fieldFiveSigmaDepth_mag,fieldRA_deg,fieldDec_deg,fieldRotSkyPos_deg,H_r,trailedSourceMagTrue,PSFMagTrue,fiveSigmaDepth_mag,astrometricSigma_deg,trailedSourceMagSigma,SNR,PSFMagSigma,trailedSourceMag,PSFMag,RA_deg,Dec_deg,object_linked,date_linked_MJD,Obj_Sun_LTC_km
A_M_2.1999999999999997_1.0_36,285787,61499.24486839493,2461499.745241019,314130204.58568645,-45.76828391607654,243.6301811895565,-0.049941103904861,-22.662774826403123,-0.0063640831461304,-273995132.3056732,-292607901.1246988,-135296962.34129116,22.83380002827488,12.38834700234766,5.70953529543646,-145242952.85794407,-32894900.492290337,-14260525.58352969,6.847129433917327,-26.99928979521573,-11.55303806190266,16.166285905130774,COM,0.32427,1.029239,1.455,3.486,4.32,61643.718399,60796.001439,20.13,0.15,33.6,29.2,r,0.5521500318047649,0.6084550265264779,24.70563151379129,244.87574983751475,-21.839478391631303,105.71541328183072,20.13,24.874328420927288,24.87663351383608,24.66853739739618,2.242732080856077e-05,0.23515751063276735,4.126415242623661,0.23560213083980425,24.602228946458954,24.591609740368757,243.63018053288795,-22.662764058247664,True,61548.0,423081533.9229374
A_M_2.1999999999999997_1.0_36,285839,61499.27017613268,2461499.770549019,314030182.1550526,-45.71052707315599,243.62880179450792,-0.0506275503360009,-22.66293131691219,-0.0059976243019243,-273945194.8934031,-292580807.2646246,-135284475.33461618,22.83485040733836,12.389468732312046,5.710053967025067,-145227907.75784528,-32953896.924067967,-14285786.40033706,6.913034052893273,-26.96081346441113,-11.551950823308925,16.162531460524004,COM,0.32427,1.029239,1.455,3.486,4.32,61643.718399,60796.001439,19.8,0.15,33.6,29.2,i,0.564714075105696,0.6237397507368565,24.27310442642298,242.0404052586158,-23.510053075072726,107.75377984274314,20.13,24.543229214241055,24.54547866630159,24.188557136051244,2.6217823216415523e-05,0.2654708176683571,3.6028023757059406,0.26595472033074846,24.501903130047864,24.26938103231363,243.62872246238317,-22.66292339660247,True,61548.0,423026462.3535582
A_M_2.1999999999999997_1.0_36,304110,61524.35510004896,2461524.8554730173,223954731.54187277,-36.59845929326677,239.47126729450815,-0.2890199152283864,-22.31655239576105,0.0417359678838055,-223234098.9126549,-264384998.8576932,-122287514.39128764,23.997305794099997,13.69646915593954,6.314494584018256,-117992521.93240832,-85924962.58906189,-37246655.33105764,18.42728135425761,-21.49229648609017,-9.32988615224568,9.45137608556455,COM,0.32427,1.029239,1.455,3.486,4.32,61643.718399,60796.001439,19.63,0.15,33.6,29.2,z,0.6423917842947794,0.7182381804072742,23.43998532922793,241.29616637352746,-22.495766940959648,83.16015702886634,20.13,23.092115730210825,23.145147852201102,23.354027302855147,1.8128079802165798e-05,0.16797333716299503,5.6957670040403485,0.17562029379518354,23.28389812968888,22.979459497407323,239.47123337043618,-22.316547548845456,True,61548.0,366997447.8308082
A_M_2.1999999999999997_1.0_36,305162,61525.37261538165,2461525.8729880173,220738929.36273724,-36.10516952577389,239.1546198723709,-0.3006755500685867,-22.27450339224997,0.0450722228210158,-221121834.78709665,-263177992.76017237,-121731043.20590906,24.05026358969477,13.759343639932078,6.3435766544119945,-116389411.23792934,-87803679.90713172,-38061187.313543946,18.82265202997053,-21.14664559652546,-9.202071738119882,9.022032001972295,COM,0.32427,1.029239,1.455,3.486,4.32,61643.718399,60796.001439,20.86,0.15,33.6,29.2,g,1.2306200232883762,1.4338443105698007,23.874302619059087,239.53182100110385,-22.317018594499118,29.786041491421496,20.13,24.25987048730772,24.27482589178808,23.874302619059087,5.944095992188618e-05,0.2760476319532488,3.407461837917142,0.27939390003975284,24.44917577441935,23.835015974958107,239.15459651057438,-22.27437527944771,True,61548.0,364658701.4907012
A_M_2.1999999999999997_1.0_36,305648,61526.14261965903,2461526.6429920173,218331703.7252704,-36.24349245096221,238.90819277249983,-0.3103407491694342,-22.24070010797613,0.0428710305865383,-219520274.36207303,-262260895.42549312,-121308224.31407678,24.090681976398,13.807540031671174,6.36586978078833,-115159701.72569416,-89204453.45994708,-38670027.18458995,18.85870764649158,-21.376326836712963,-9.102725230422893,8.689542254633706,COM,0.32427,1.029239,1.455,3.486,4.32,61643.718399,60796.001439,20.13,0.15,33.6,29.2,r,1.1502217354699413,1.3360361745376415,23.83540610673435,237.56276799881556,-22.57578012474072,176.5027918405759,20.13,23.48208493229059,23.500317698534115,23.80991143839856,2.924305391698162e-05,0.15349291562572498,6.477408929490713,0.1558745415881396,23.517741962732558,23.68373376880401,238.90820896157578,-22.240634404206407,True,61548.0,362885124.26333433
A_M_2.1999999999999997_1.0_36,308718,61535.12798276408,2461535.628355016,192054245.49562636,-31.78754228737555,235.41259219396972,-0.4285202809336051,-21.696858351328984,0.075692632669521,-200626480.2917364,-251310784.1010379,-116259401.21353345,24.5854145760771,14.412700598565188,6.645806051494581,-99328327.06317514,-104401686.1109108,-45257751.281264536,22.12325299479276,-18.446904200332188,-7.834774733466461,4.170258445747592,COM,0.32427,1.029239,1.455,3.486,4.32,61643.718399,60796.001439,20.13,0.15,33.6,29.2,r,0.9209068123928841,1.0570642486531436,24.10553634155813,235.23175384321573,-23.203943253406674,-157.29644846454468,20.13,22.852056680640633,22.906358715658165,24.05322352761605,1.1422901562706694e-05,0.07567916066145666,13.19842458448142,0.07929515950429686,22.796644133216788,23.00795741738273,235.41258098009595,-21.696842630504378,True,61548.0,341942017.26353884
A_M_2.1999999999999997_1.0_36,308719,61535.12842775564,2461535.628800016,192053023.242038,-31.78642732104728,235.412386957202,-0.4285421548619298,-21.69682466567029,0.0757036265980832,-200625534.93117696,-251310229.9022499,-116259145.6682507,24.58544018550185,14.412732677207917,6.645820891494698,-99327476.44569586,-104402395.34600064,-45258052.51136663,22.124441223218216,-18.44631495338185,-7.834709894052053,4.170004559250804,COM,0.32427,1.029239,1.455,3.486,4.32,61643.718399,60796.001439,20.13,0.15,33.6,29.2,r,0.9459623637216811,1.0875454546492471,24.065492233482214,236.13262547962032,-20.461812945257595,-160.66120906975772,20.13,22.852020294544914,22.903466116214155,24.02936253481548,1.1917946222294773e-05,0.07701584582280926,12.993959672552851,0.08049775865868827,22.842735451217553,22.99866180780748,235.41239402008574,-21.696828952801475,True,61548.0,341940968.40164405
A_M_2.1999999999999997_1.0_36,318182,61548.23164641397,2461548.7320190133,160348259.690507,-24.134128560906785,228.2808596434774,-0.605709107499238,-20.259991859488668,0.1472038792089047,-172342582.0009143,-234417035.8929631,-108468679.8665252,25.39303470780917,15.466557471991678,7.133389907385189,-72236017.0232427,-122135431.50665788,-52943178.06255471,26.06972681228702,-13.257511983303068,-5.697151194002028,5.062247281874707,COM,0.32427,1.029239,1.455,3.486,4.32,61643.718399,60796.001439,19.63,0.15,33.6,29.2,z,0.8795899925642534,1.0068004775720845,22.854477739648086,229.01357016442145,-20.06597692991684,52.262769245183755,20.13,21.80355481310334,21.919359080266727,22.853795096094185,1.3261973779686475e-05,0.09202923787335053,10.189819105160154,0.10164147878245014,21.79859119829593,21.621137397974433,228.28085916077353,-20.26000605098154,True,61548.0,310513714.3502222
A_M_2.1999999999999997_1.0_36,318228,61548.253623806944,2461548.753996013,160302485.4958282,-24.07524496630138,228.26667612371327,-0.6051705544075305,-20.256749457726777,0.1478617709704701,-172294360.1257403,-234387663.5593104,-108455132.937837,25.394485687074116,15.468531192234105,7.134303183298499,-72186497.18675299,-122160545.5265316,-52953992.301036745,26.08775684200715,-13.194531502153492,-5.69337157120179,5.079687167444391,COM,0.32427,1.029239,1.455,3.486,4.32,61643.718399,60796.001439,19.45,0.15,33.6,29.2,y,0.7084380300504235,0.7985864112535566,22.26100014735652,229.01357016442145,-20.06597692991684,52.262769245183755,20.13,21.623530078674403,21.797303619714576,22.260156313871267,1.6312297119005305e-05,0.13857629217766662,6.276126855600023,0.16052137256062318,21.41371536020567,21.74380720435781,228.26669820796212,-20.2567569040004,True,61548.0,310460044.48317444
A_M_2.1999999999999997_1.0_36,319216,61549.22643109049,2461549.7268040124,158285262.9377324,-23.55436192606785,227.6442919067448,-0.618282899542051,-20.112394594395926,0.1531766464296682,-170157057.90222883,-233083725.85763395,-107853733.04741845,25.459061834204853,15.556682401889011,7.175092715868182,-70018342.3981678,-123247441.9843582,-53425313.39947163,26.301718268749244,-12.863034749997206,-5.523691991506026,5.850551571780452,COM,0.32427,1.029239,1.455,3.486,4.32,61643.718399,60796.001439,19.45,0.15,33.6,29.2,y,0.816018314698269,0.9294626699492324,22.178255461547028,227.03040867376774,-19.611742171184165,29.828742318029658,20.13,21.620313144700614,21.75908229819009,22.17652905738155,1.9428570418294255e-05,0.1435816521004954,6.237397743044307,0.16144750463464957,21.74480973450011,21.565602117028668,227.64429655228028,-20.112406948189733,True,61548.0,308080955.8312278
A_M_2.1999999999999997_1.0_36,319267,61549.24925801459,2461549.749631013,158238864.3049673,-23.49305035862512,227.62926849515915,-0.6177095964814484,-20.108890084232147,0.1538657315630241,-170106840.75154492,-233053039.67985845,-107839579.88724063,25.46058535257788,15.558769484060688,7.1760584643628125,-69966448.40332165,-123272747.06269948,-53436203.6155356,26.32101569911167,-12.797718605529344,-5.519732267057391,5.869127783471493,COM,0.32427,1.029239,1.455,3.486,4.32,61643.718399,60796.001439,19.45,0.15,33.6,29.2,y,0.7725876424532264,0.8766273022545333,22.19869130804932,227.03040867376774,-19.611742171184165,29.828742318029658,20.13,21.62022741749785,21.773809073885673,22.197390648664133,1.834746424286417e-05,0.143067484619825,6.177842729210351,0.16289272570526123,21.544968541241172,21.580182727136755,227.62928654477295,-20.108906748961367,True,61548.0,308025050.2227858
A_M_2.1999999999999997_1.0_36,325470,61556.26241491687,2461556.7627870105,145130806.64193836,-19.279589818439216,222.8102892570348,-0.6938726963903313,-18.894344436111297,0.1983978490052607,-154532661.18973187,-223421757.12111884,-103397103.6933818,25.94733294276101,16.24370923587524,7.493020340952952,-53800403.4485873,-130109056.69104102,-56400260.97647288,27.771998930530724,-9.795834388536967,-4.253407316153589,11.930310507307016,COM,0.32427,1.029239,1.455,3.486,4.32,61643.718399,60796.001439,20.13,0.15,33.6,29.2,r,1.228902424410307,1.4317547742217847,23.689975797120063,223.0566732199933,-17.207839293119132,-35.80516219031942,20.13,22.23634502657893,22.315825386448886,23.602700221542612,1.345881619774347e-05,0.06765669371623083,14.49384092675235,0.07243900570599132,22.254487044555532,22.32677520022541,222.81028392396368,-18.894337028366635,True,61548.0,290669203.7035376
A_M_2.1999999999999997_1.0_36,336527,61590.02435558609,2461590.5247280006,111630794.3682791,-6.087725161955343,197.23822067571757,-0.7006545222967987,-9.882684057305855,0.296754804620705,-74776024.48485512,-169356238.8345995,-78446395.2220286,28.92527482365761,21.552996669923267,9.95125646083713,30258358.344695475,-136765870.34068787,-59287048.77337664,28.976329381123005,5.026202295423564,2.313952058885885,48.48658031964625,COM,0.32427,1.029239,1.455,3.486,4.32,61643.718399,60796.001439,20.13,0.15,33.6,29.2,r,0.7854390521485187,0.8922616206186359,24.268834957499937,198.41321808652904,-9.219768409686063,73.19337120108726,20.13,21.953452039092205,22.155437452909425,24.239525200369695,5.100425719517787e-06,0.03491140916159503,25.722544680988012,0.04140970404462569,21.96406913850121,22.156552365934044,197.2382314195573,-9.882695163396555,True,61548.0,201064234.49557674
A_M_2.1999999999999997_1.0_36,337501,61592.9924723324,2461593.492845,110062032.23791157,-5.91746546496279,195.2040823086014,-0.6860411260316187,-9.007214392195191,0.2951744904859685,-67317634.67540729,-163735115.28760704,-75850918.73659846,29.242294933134502,22.296689847930136,10.29575706806646,37582275.96364177,-135226414.39390063,-58619735.909764335,28.593947421545,6.314662350663737,2.887685409205877,52.04859846259925,COM,0.32427,1.029239,1.455,3.486,4.32,61643.718399,60796.001439,20.86,0.15,33.6,29.2,g,1.1604224614013208,1.348445816789928,24.153251116134278,193.68970796581755,-9.526729189091046,-12.420773068225309,20.13,22.659710413482728,22.754295525261554,24.08943014294128,1.227340968930845e-05,0.06512047681415224,14.876910384947605,0.0706331163615545,22.745514041468038,22.732481845225422,195.20407333487205,-9.00721826815618,True,61548.0,192598582.0034084
A_M_2.1999999999999997_1.0_36,337502,61592.99292010939,2461593.4932929995,110061803.18371531,-5.916362734483581,195.20377112840671,-0.6860252334100313,-9.007082152259242,0.2951821655406881,-67316502.76438344,-163734252.2255639,-75850520.20761228,29.242343339384576,22.296807581976104,10.295811608894985,37583382.77344564,-135226169.95582604,-58619624.13389907,28.594866281044848,6.315442759814833,2.8877686458910383,52.04914945438041,COM,0.32427,1.029239,1.455,3.486,4.32,61643.718399,60796.001439,20.86,0.15,33.6,29.2,g,1.1519745111417126,1.3381685050385799,24.17298265816236,196.71702801025285,-9.480872774351807,-6.2143601127779995,20.13,22.65970701775647,22.755624846597435,24.112145822051485,1.1975160669238915e-05,0.06395154072316163,15.1400699202124,0.06944382738757486,22.62546532206345,22.763892481735358,195.20375773595916,-9.007075910844547,True,61548.0,192597295.70286605
A_M_2.1999999999999997_1.0_36,337552,61593.01661204794,2461593.516985,110049749.76752692,-5.85948917616853,195.18732672279697,-0.6849889911232834,-9.000083972371725,0.2955771029122424,-67256640.21833323,-163688603.63870484,-75829441.42937784,29.244903472986287,22.303036295934,10.29869709008534,37641964.16560272,-135213197.4386691,-58613708.39413513,28.640923056905432,6.360508966540799,2.892176957593713,52.07828320188682,COM,0.32427,1.029239,1.455,3.486,4.32,61643.718399,60796.001439,20.13,0.15,33.6,29.2,r,0.8549115487868548,0.9767780398866848,24.1208610478332,193.68970796581755,-9.526729189091046,-12.420773068225309,20.13,21.929528336336965,22.09711933115227,24.059609877196383,5.849474239588974e-06,0.03853453098175855,23.944476232435346,0.044422619322394837,21.915178360050387,22.06643618600831,195.1873275061005,-9.000089839304664,True,61548.0,192529267.3910613
A_M_2.1999999999999997_1.0_36,337553,61593.01705666602,2461593.517429,110049524.98149054,-5.8584545059367015,195.1870188016708,-0.6849659710137294,-8.999952734510657,0.295584269393144,-67255518.31388392,-163687748.03934586,-75829046.34600984,29.24495145534326,22.303153071632774,10.298751187004626,37643062.89311698,-135212953.42179635,-58613597.44398236,28.64173505642785,6.361422095582895,2.892259701864172,52.07882906400277,COM,0.32427,1.029239,1.455,3.486,4.32,61643.718399,60796.001439,20.13,0.15,33.6,29.2,r,0.8450947596463854,0.9648354740223666,24.14649685573228,196.71702801025285,-9.480872774351807,-6.2143601127779995,20.13,21.929525003375847,22.100683555149956,24.082153294424874,5.727078911757245e-06,0.037936205380255106,24.25711311591664,0.0438614896287753,21.857958701672214,22.021193358989855,195.18701988121143,-8.999958242952085,True,61548.0,192527992.4364425
A_M_2.1999999999999997_1.0_36,342578,61602.96320635497,2461603.463578996,104806460.46858664,-6.28124175893399,188.6243267957881,-0.6695619541719902,-6.061251616633434,0.3015878772947553,-41654012.46864511,-143256320.94778708,-66392615.82179882,30.340769771581854,25.4350206667204,11.749920479696604,61388093.651648246,-127627914.13004464,-55325935.08244608,26.9574815481716,10.584561249654476,4.737469991906491,64.87854104288444,COM,0.32427,1.029239,1.455,3.486,4.32,61643.718399,60796.001439,19.63,0.15,33.6,29.2,z,0.8432347683773637,0.962572710921367,22.82560448124469,190.1097668647227,-6.027676465809347,63.15784019539216,20.13,21.341601670985803,21.50886319238618,22.780172037565873,9.699922155181347e-06,0.06952414171607034,13.031727858745343,0.08027287763800114,21.443930043281778,21.442732084040447,188.62431036328076,-6.061267091107205,True,61548.0,163295467.42605686
A_M_2.1999999999999997_1.0_36,342600,61602.97441339598,2461603.474785996,104800389.79583073,-6.256456140315708,188.6167836144579,-0.6690574365363545,-6.057870831684935,0.3017459286418181,-41624632.75303847,-143231690.04172486,-66381237.36573093,30.34199907551685,25.43924943831857,11.75188032020466,61414206.82184855,-127617655.84889635,-55321346.92124926,26.979303239185786,10.604283944751437,4.739414206721925,64.89430356630915,COM,0.32427,1.029239,1.455,3.486,4.32,61643.718399,60796.001439,19.45,0.15,33.6,29.2,y,0.9317846190823129,1.0702975901244682,21.958513646477837,190.1097668647227,-6.027676465809347,63.15784019539216,20.13,21.161510117694096,21.30043367990871,21.91164062292839,1.868142725056205e-05,0.1220337388224864,7.415307811139603,0.13735205654308558,21.26201985031669,21.37924429654487,188.61677681186544,-6.0578439000856905,True,61548.0,163261740.03188738
A_M_2.1999999999999997_1.0_14,702871,62268.1838123442,2462268.6841850155,278160825.4542098,-27.50836907246195,237.75213731260533,-0.2973734039275693,-20.334035875520687,0.0614629442202611,-233598871.8521219,-328864372.25629723,-143592706.42080608,22.05662967910656,12.24569378687683,5.347047947984509,-94426247.5126725,-108270879.08136769,-46933841.22614239,23.06663136218025,-17.47103067026099,-7.450528111982465,3.041724715381433,COM,0.566709,1.028653,0.151,0.907,1.48,62429.508135,60796.001439,19.360000000000003,0.15,33.6,29.2,i,0.7378837572715969,0.8344084638340595,23.961978092209492,238.1012837301054,-20.17605093875263,144.01476287793508,19.69,23.297798591801488,23.340698044534296,23.961978092209492,1.4426448841552852e-05,0.11829582823831722,8.357636311230163,0.12270673390423306,23.25784185856181,23.2343141619198,237.75214693039982,-20.334053410907824,True,62526.0,428181122.43227667
A_M_2.1999999999999997_1.0_14,706145,62276.23091492629,2462276.7312870133,260577638.12643367,-23.027996968336154,235.0684216908514,-0.3414515310216269,-19.77355505227047,0.0779164694707036,-218165344.85948068,-320211129.7132824,-139814290.80428514,22.33767361757237,12.649993140234027,5.523588035070436,-77756802.2910801,-119176416.75551164,-51659932.70807423,25.459822153380536,-14.270441482104316,-6.12660784368014,0.6286835998183162,COM,0.566709,1.028653,0.151,0.907,1.48,62429.508135,60796.001439,19.19,0.15,33.6,29.2,z,0.8215356652993596,0.9361747753033571,23.232845454174583,234.75320929212518,-20.20137121289444,103.30718366946464,19.69,22.675433887001077,22.72066783929733,23.232845454174583,1.76341922084448e-05,0.12998472902622799,7.547936622960653,0.13508262150382663,22.808809243324127,22.801541246673338,235.0684291103251,-19.77357240247592,True,62526.0,411921498.83566153
A_M_2.1999999999999997_1.0_14,708755,62279.27168598953,2462279.7720580124,254718483.1281481,-21.269847193314547,233.96774939387345,-0.3536255831839608,-19.530239907352723,0.0842004808277713,-212281920.81761363,-316866208.7728553,-138353739.26471192,22.44743328017489,12.812577225644286,5.594580934392956,-71066955.25738062,-122730374.45867744,-53200248.53141919,26.22272150261587,-12.930952486548922,-5.599426295182687,2.1220963999175964,COM,0.566709,1.028653,0.151,0.907,1.48,62429.508135,60796.001439,19.19,0.15,33.6,29.2,z,0.8982989107373047,1.0295607186585216,23.01957609892299,232.7150906597472,-20.582919985976336,51.36183186997025,19.69,22.74543440294468,22.785907874786933,22.956455869821568,2.6076196253201596e-05,0.17341113991895582,5.566000899895708,0.17939416425372504,22.6161091389469,22.563572531683484,233.96773165814142,-19.53022959291116,True,62526.0,405721043.74388343
A_M_2.1999999999999997_1.0_14,708758,62279.27302958668,2462279.7734020124,254716013.23829883,-21.26645237514018,233.96724512972747,-0.3535939393448777,-19.530126727928348,0.0842212658385629,-212279313.99800885,-316864720.84603065,-138353089.56505367,22.44748223609471,12.812650355720374,5.59461286682618,-71063910.20754693,-122731875.7922953,-53200898.732096136,26.223155539290047,-12.927003674261858,-5.599191049974987,2.122778284084688,COM,0.566709,1.028653,0.151,0.907,1.48,62429.508135,60796.001439,19.19,0.15,33.6,29.2,z,0.8921598809630428,1.022092312607108,23.037036961230243,235.4592998885193,-18.664344699436782,59.474027056876906,19.69,22.745458305545824,22.786497509334307,22.95909415078358,2.5855186555329906e-05,0.1731304454026376,5.572905808799393,0.17918926488906523,22.57063500578325,22.745129993480468,233.96726469754725,-19.530128066688537,True,62526.0,405718296.1865215
A_M_2.1999999999999997_1.0_14,714733,62287.25104480435,2462287.7514170106,241385478.26306805,-16.984726009819113,230.92520099853172,-0.3768702995999489,-18.81745588328208,0.0970238440170644,-196703476.6784565,-307877964.8673825,-134429043.72061038,22.745146077521397,13.26788826606384,5.793392618396124,-52682354.85489032,-130500667.11492328,-56569170.698577896,27.83988685807857,-9.612065453797369,-4.163368162780509,6.280741498285744,COM,0.566709,1.028653,0.151,0.907,1.48,62429.508135,60796.001439,19.360000000000003,0.15,33.6,29.2,i,0.8116432248139702,0.9241401761727132,23.436889882962962,231.07129920072882,-17.66201773762627,3.4657500087963604,19.69,22.976174523968627,23.03286686123861,23.420824774608906,1.9498753678034877e-05,0.14480456606563125,6.658370053241525,0.15192104832952757,22.75625892738161,22.76652440669412,230.9252180413057,-18.81745294148456,True,62526.0,389297144.5874104
A_M_2.1999999999999997_1.0_14,717431,62290.21822712976,2462290.7186000096,237170399.1225281,-15.480657910749938,229.7587385768083,-0.3815094414087173,-18.528792108669908,0.1004228761209301,-190857486.5636641,-304453319.2956253,-132933680.18079191,22.85953323618983,13.448743520132318,5.872362592636614,-45585595.58506388,-132798149.22934116,-57565394.40384173,28.31755456023497,-8.396520317471275,-3.60905797523438,7.89485286893725,COM,0.566709,1.028653,0.151,0.907,1.48,62429.508135,60796.001439,19.360000000000003,0.15,33.6,29.2,i,0.7275075013057225,0.821785281393823,23.83148387441208,229.07644817498195,-17.22535957768821,48.16342780154216,19.69,22.97663018567321,23.04920119014286,23.788909414605303,1.2927741393121129e-05,0.10754965241768445,8.996359418550645,0.11443766229760385,23.01401277887968,23.04409914750875,229.75876566804675,-18.528797652252493,True,62526.0,383131527.1991229
A_M_2.1999999999999997_1.0_14,717432,62290.2186736988,2462290.7190460097,237169802.5559633,-15.479493601989462,229.75855912397344,-0.381498186791692,-18.52874731848065,0.1004299275858267,-190856605.63917896,-304452801.02889305,-132933453.88082813,22.859550582792608,13.448771208269733,5.872374682569122,-45584504.37939842,-132798472.75917716,-57565533.47515864,28.31783201760891,-8.395215632430451,-3.6089744489175226,7.895100906443977,COM,0.566709,1.028653,0.151,0.907,1.48,62429.508135,60796.001439,19.360000000000003,0.15,33.6,29.2,i,0.7177919970776949,0.8099659331845437,23.860006891963614,230.5576874671676,-20.013957394277448,44.53274093620194,19.69,22.976630041948425,23.05118936918424,23.779895566681514,1.2887175333765748e-05,0.10859364465181268,8.88944688619384,0.11574315728644487,22.86833911423629,23.06534515562295,229.75856390941246,-18.528768994572424,True,62526.0,383130598.0095222
A_M_2.1999999999999997_1.0_14,717482,62290.24243108042,2462290.74280401,237138087.29945916,-15.419809720882268,229.7490082544767,-0.3808173393306696,-18.526356972777045,0.1007888904024284,-190809678.67391545,-304425191.91673774,-132921398.42619224,22.8604746864234,13.450246351743468,5.873018799019714,-45526364.58066526,-132815633.74396004,-57572937.00943898,28.32806357780377,-8.325092528860445,-3.604511600148901,7.908307561434254,COM,0.566709,1.028653,0.151,0.907,1.48,62429.508135,60796.001439,19.19,0.15,33.6,29.2,z,0.9744353474267338,1.122184120957097,22.904425285430392,229.07644817498195,-17.22535957768821,48.16342780154216,19.69,22.80662240448805,22.846647336078977,22.86275078667484,3.249192935598324e-05,0.19735012868454818,4.837337970144304,0.20402101882134718,22.745567077198455,22.709747490652134,229.74903870664713,-18.526402019401292,True,62526.0,383081099.9106586
A_M_2.1999999999999997_1.0_14,718534,62291.25117009872,2462291.7515430097,235796358.505168,-14.87905442848641,229.35054329169893,-0.3810844332458158,-18.425799444234745,0.1020383920358158,-188815457.09506112,-303250133.33456177,-132408311.83146147,22.899832316000925,13.513286051687537,5.900544856685261,-43085515.543428965,-133520817.7742774,-57878678.40224768,28.47718679365528,-7.856225934970189,-3.413626151350049,8.463372828299834,COM,0.566709,1.028653,0.151,0.907,1.48,62429.508135,60796.001439,20.42,0.15,33.6,29.2,g,1.0252505271029273,1.1840030743344616,23.97809854963959,230.55636353783302,-18.293815947271536,-38.08146707304258,19.69,24.03558883684508,24.071780583464854,23.9627318304832,3.824066294099464e-05,0.2187453530272297,4.334960952397492,0.22536513802364683,24.002022642411017,23.954484795865564,229.35054979660632,-18.42578265430109,True,62526.0,380977533.78316665
A_M_2.1999999999999997_1.0_14,724518,62314.11217905449,2462314.612552003,216073308.99763477,-5.569365676856158,220.9453589875467,-0.3087700885570756,-16.079407304067225,0.096226442565544,-142657935.7619183,-274984639.66575015,-120066257.88987346,23.85675616850484,15.19381239106521,6.63433139890117,14164887.29604017,-138922992.30952075,-60220580.11755085,29.525468479690385,2.2692697280166767,1.0559807990550991,21.106252968660844,COM,0.566709,1.028653,0.151,0.907,1.48,62429.508135,60796.001439,19.19,0.15,33.6,29.2,z,0.7464271132694068,0.8448018409603489,23.06564008958265,221.90775649627528,-16.586786107053182,-29.173545565199085,19.69,22.75577318279962,22.80304999472879,23.05477736901917,2.0214997642859983e-05,0.16203627942784343,5.952204537296757,0.16861173552018954,23.044140104485493,23.176846058424754,220.94535312210266,-16.07941526517682,True,62526.0,332240492.673051
A_M_2.1999999999999997_1.0_14,731624,62333.0445098239,2462333.544881996,209840611.4451063,-2.5473514549660314,216.44905454439683,-0.1585011783370465,-14.648665869728266,0.0525033793453873,-102921841.25473724,-248659185.6595961,-108571349.0359622,24.73891150917082,17.089745768661896,7.462157455162595,60384235.86819004,-128043610.33243288,-55504500.864301965,27.20083440159687,10.55548173378102,4.66472844204451,30.32683095982891,COM,0.566709,1.028653,0.151,0.907,1.48,62429.508135,60796.001439,19.19,0.15,33.6,29.2,z,0.7564704272027192,0.8570199844315318,23.284575959490326,216.13909176916425,-14.992085342595557,75.0173289520758,19.69,22.672255597208697,22.684908954928986,23.284575959490326,1.4954680173754733e-05,0.11969541353886004,8.482687496406296,0.12099492682303284,22.720790292129877,22.818363876586172,216.44905860212197,-14.64867716974017,True,62526.0,290193097.52585006
A_M_2.1999999999999997_1.0_14,731675,62333.068696448,2462333.569068996,209835344.34509996,-2.4936819190438664,216.44510251974137,-0.1576337030827762,-14.647392791865576,0.0527619171766372,-102870141.29138352,-248623468.997603,-108555753.52281664,24.740079320338918,17.09256844989608,7.463389921942812,60441104.18024223,-128021484.94987644,-55494748.229993954,27.22354550921949,10.62029682106569,4.669025962732651,30.3376770993773,COM,0.566709,1.028653,0.151,0.907,1.48,62429.508135,60796.001439,19.360000000000003,0.15,33.6,29.2,i,0.6855278041673883,0.7707150902279664,23.953834242896352,216.13909176916425,-14.992085342595557,75.0173289520758,19.69,22.842102030234116,22.857567812128824,23.953834242896352,8.975937706665455e-06,0.07822238843471911,13.202916306621214,0.07926914399235566,22.933703407179188,22.80907386247687,216.44509890951733,-14.64739878255129,True,62526.0,290138323.78473854
A_M_2.1999999999999997_1.0_14,737082,62339.009048448526,2462339.509420994,208460005.8939067,-2.6255437220141737,215.69093377105432,-0.1055469440392977,-14.393147660122969,0.034688489141935,-90098334.94100416,-239666337.21848163,-104644666.83218674,25.028710231024835,17.823945369259537,7.782730464130335,73893817.60711049,-121865365.11593635,-52826919.56719201,25.85117191315562,12.942293456601506,5.715199815190603,32.86688697389389,COM,0.566709,1.028653,0.151,0.907,1.48,62429.508135,60796.001439,19.360000000000003,0.15,33.6,29.2,i,0.7710318283980938,0.8747345844259049,23.377651550844064,215.0400596804777,-15.370909972767247,111.84722305658715,19.69,22.79608386211394,22.80149890187533,23.361648665081162,1.573988327533031e-05,0.12358954982179891,8.254079251284326,0.12416145005223767,22.809965293137907,22.791906303807885,215.69091974435997,-14.393114395323948,True,62526.0,276601101.6812545
A_M_2.1999999999999997_1.0_14,737086,62339.01099792764,2462339.5113699944,208459564.10160705,-2.621042765718933,215.69072144533948,-0.105495860005562,-14.393080030496025,0.034710796156404,-90094120.2211275,-239663335.732303,-104643356.24929217,25.028805358567748,17.82419848025793,7.782840979652231,73898170.99431172,-121863185.32261232,-52825957.13666922,25.853716325153155,12.946976123915608,5.71552485479108,32.867707911757655,COM,0.566709,1.028653,0.151,0.907,1.48,62429.508135,60796.001439,19.360000000000003,0.15,33.6,29.2,i,0.7762317487990441,0.8810605216533383,23.362251620783262,216.14318207299735,-12.818586915566504,117.97242469489126,19.69,22.79606741121582,22.801401396154244,23.288105468486446,1.6896112171130456e-05,0.13156556301629044,7.725217692102287,0.13216386219303553,22.667705239230894,22.998109727752894,215.69072392937326,-14.39309751581855,True,62526.0,276596632.3003045
A_M_2.1999999999999997_1.0_14,737138,62339.03559337473,2462339.5359659945,208454052.70218825,-2.565948857234034,215.68805180633657,-0.1047346378619444,-14.392222909479834,0.0349815946878998,-90040929.91116367,-239625453.90536916,-104626815.3521285,25.03000586323467,17.82739347334303,7.78423600526735,73953143.57704969,-121835606.77404024,-52813806.73954818,25.88153386079965,13.009024125000058,5.719638769403455,32.8780617973669,COM,0.566709,1.028653,0.151,0.907,1.48,62429.508135,60796.001439,19.19,0.15,33.6,29.2,z,0.7663684331481042,0.8690613541947739,23.015941051816085,215.0400596804777,-15.370909972767247,111.84722305658715,19.69,22.62586022607922,22.631279333106402,22.999978693479505,1.851689942461369e-05,0.14542972447021854,6.942733055171269,0.1460987489222177,22.86037025740696,22.63597529695508,215.68805818735837,-14.392225687439712,True,62526.0,276540228.0127607
A_M_2.1999999999999997_1.0_14,737142,62339.03747371875,2462339.5378459943,208453636.1959914,-2.5618892899158605,215.6878485903758,-0.104667774163699,-14.39215712549657,0.0350013453800816,-90036864.19528571,-239622558.1217583,-104625550.92370407,25.030097625076376,17.827637742864706,7.78434266034569,73957347.71182984,-121833493.29088213,-52812877.66162988,25.883319998381737,13.013972034057325,5.719954167662478,32.8788526452417,COM,0.566709,1.028653,0.151,0.907,1.48,62429.508135,60796.001439,19.19,0.15,33.6,29.2,z,0.9041501533341638,1.0366790186547006,22.81906060169449,216.14318207299735,-12.818586915566504,117.97242469489126,19.69,22.62584441850811,22.62965479005364,22.744941475324,2.7311186281727108e-05,0.17998007312345643,5.527180745921311,0.18055493056439487,22.519151076361826,22.76439283263886,215.68785554770955,-14.392183781711694,True,62526.0,276535916.6202907
A_M_2.1999999999999997_1.0_14,745437,62366.99361927678,2462367.493991987,197063396.063938,-7.758409329690566,216.4697963073733,0.1388352964770901,-14.617473720282591,-0.046797609011662,-27979575.103669666,-191237150.1674201,-83498420.35938248,26.29289565930613,22.71747272286881,9.919363700648544,125363558.42390268,-77894247.71998496,-33766620.341800146,16.592553568783334,22.42019872991639,9.764055810592271,43.45384742967133,COM,0.566709,1.028653,0.151,0.907,1.48,62429.508135,60796.001439,19.01,0.15,33.6,29.2,y,0.6143929268631685,0.6841763100525163,22.406558047570154,216.6692220587965,-13.840290516231779,64.14633261677628,19.69,22.02714872187905,22.04239745444653,22.40387500657173,1.5059090053645138e-05,0.14657702038825995,6.823670669773594,0.14848125647232985,21.880595362088993,22.039539725314548,216.46978747840507,-14.617462208577264,True,62526.0,210538572.3083787
A_M_2.1999999999999997_1.0_14,745488,62367.01640123634,2462367.516773987,197048157.55206263,-7.724039170039369,216.47307827005235,0.1399830967292027,-14.618537357658376,-0.0465835185308716,-27927818.9862583,-191192427.468523,-83478892.62761603,26.293678157028555,22.722827434976715,9.921701679284242,125396222.31440727,-77850055.58662984,-33747398.68181819,16.59495294903263,22.482464930569424,9.766534681705943,43.46269654611019,COM,0.566709,1.028653,0.151,0.907,1.48,62429.508135,60796.001439,19.01,0.15,33.6,29.2,y,0.6857018878253397,0.7709268708337466,22.20527930100442,216.6692220587965,-13.840290516231779,64.14633261677628,19.69,22.026657030559655,22.03887016947196,22.20258428989846,1.99487034830883e-05,0.17310967165506919,5.7214488124213085,0.17489219689386126,22.018712294210804,22.087307262872613,216.47307976629102,-14.618514697703894,True,62526.0,210483331.66540453
A_M_2.1999999999999997_1.0_14,814434,62513.2716010037,2462513.771974003,113058536.11032069,27.350400082475986,112.51786763495836,-0.5193189995678659,22.14965306635135,0.070008198735652,-94444605.46340927,222183726.9022969,97001269.26528576,-26.94569606604864,16.87997338887726,7.3704086416241905,-54341715.52530644,125452118.52280702,54375141.75717052,-28.42974377360865,-10.505522924202108,-4.422069868300174,0.5405522800385147,COM,0.566709,1.028653,0.151,0.907,1.48,62429.508135,60796.001439,20.42,0.15,33.6,29.2,g,1.3653271261973574,1.5977215647169798,23.83702577868894,113.33018412933636,22.374658749905564,38.42700255849319,19.69,21.083960610502924,21.119063141359298,23.83455011788525,5.089493233151623e-06,0.02015950921179855,51.85644221825527,0.020738025108590113,21.108171783524213,21.121198691258872,112.51786706062569,22.149652997905378,True,62526.0,260181932.96309018
A_M_2.1999999999999997_1.0_14,814485,62513.295673667664,2462513.796046003,113115478.2799708,27.41057637921792,112.50439392203958,-0.5174546830296245,22.15132629481749,0.0690236082351909,-94500641.02400464,222218827.3947102,97016595.4135947,-26.94421593596742,16.876492494288268,7.368888940826787,-54400789.93456121,125430217.89443356,54365939.61425244,-28.376531063436676,-10.55336267848172,-4.426909505746244,0.5602889552913732,COM,0.566709,1.028653,0.151,0.907,1.48,62429.508135,60796.001439,19.69,0.15,33.6,29.2,r,1.4832124049461626,1.7411343125865726,23.29411384859203,113.33018412933636,22.374658749905564,38.42700255849319,19.69,20.357918402499894,20.38741020205025,23.291511045027903,4.849422024145081e-06,0.017319836973561688,60.741761840660715,0.01772908383104882,20.370009605746215,20.40442506472027,112.50439455222818,22.15132575314949,True,62526.0,260237964.54067364
A_M_2.1999999999999997_1.0_14,815460,62516.18370577524,2462516.684078004,120066238.73401658,28.507571153767408,111.0296631694828,-0.4606598670619032,22.342077651527894,0.0596640429014837,-101201197.36207476,226378468.16268057,98832848.17513944,-26.76729062315684,16.470854124044912,7.191793735387946,-61349704.79364982,122722214.4669283,53191405.45512366,-27.9296432807744,-11.635852215260488,-4.983159907551934,2.898903154005968,COM,0.566709,1.028653,0.151,0.907,1.48,62429.508135,60796.001439,19.19,0.15,33.6,29.2,z,1.3938699254329834,1.6324451647603204,22.22108736819049,111.19078630360235,21.764726079072425,46.188017038056785,19.69,20.26659137736202,20.293226030035065,22.22108736819049,8.854100887861498e-06,0.038597250256083536,27.005949328489272,0.039477125625072794,20.292800306157105,20.248515849478387,111.02964269645304,22.342092322304868,True,62526.0,266939740.5288496
A_M_2.1999999999999997_1.0_14,820275,62524.248126368446,2462524.7484990065,141163195.14101285,32.19157659518788,107.80267738338856,-0.3116487042806991,22.705473592648207,0.029868263269842,-119680142.16081595,237489486.98834348,103684355.40522397,-26.282807312817937,15.45149037724928,6.746753825111843,-79865721.4680511,113501992.3812994,49196184.68544824,-25.763083803385687,-15.226750764129074,-6.464463412970359,8.408165989444871,COM,0.566709,1.028653,0.151,0.907,1.48,62429.508135,60796.001439,19.360000000000003,0.15,33.6,29.2,i,1.1428543026257312,1.3270733608585537,22.70453398868988,107.55183006449354,22.83947485364964,66.91484905128904,19.69,21.23229927968365,21.250750425184236,22.70453398868988,1.0752828312652176e-05,0.05765384257035527,18.040907943388426,0.05857315726206679,21.1801060474656,21.327452696488628,107.8026770899229,22.705466659486454,True,62526.0,285438326.81231946
A_M_2.1999999999999997_1.0_14,820326,62524.27216054018,2462524.7725330065,141230094.63700852,32.24633114277814,107.79457939429238,-0.3099600709635885,22.70618275128781,0.0291575401448732,-119734712.05975184,237521566.2187435,103698362.51180552,-26.28138911065032,15.448676973811017,6.745525528416617,-79919161.54988897,113470325.75072226,49182756.4240061,-25.70640644668797,-15.27144331080186,-6.468857851973952,8.422658994760003,COM,0.566709,1.028653,0.151,0.907,1.48,62429.508135,60796.001439,19.19,0.15,33.6,29.2,z,1.2263765927809158,1.4286819863514792,22.181514075388378,107.55183006449354,22.83947485364964,66.91484905128904,19.69,21.064342173833435,21.08012481522506,22.181514075388378,1.5471676237484315e-05,0.07798027612332162,13.241682460776964,0.07904532285164968,20.941136063216852,21.046236062552175,107.79458442022036,22.706182151333593,True,62526.0,285492987.79246134
A_M_2.1999999999999997_1.0_14,822307,62527.165227175006,2462527.6656000074,149374337.34411696,33.21587831991245,106.92761980047352,-0.267961819678591,22.791207661479653,0.025400201601496,-126282090.99474636,241341132.3640091,105366143.84393913,-26.11193355728689,15.118813916649726,6.6015112820728445,-86185519.85627359,109596136.8676988,47502391.79130582,-25.01530781097426,-16.246520804185106,-6.971804856144054,10.049469159550164,COM,0.566709,1.028653,0.151,0.907,1.48,62429.508135,60796.001439,19.69,0.15,33.6,29.2,r,1.1485029923910146,1.3339452462177794,23.516469918549948,107.4194779801708,24.435019843629362,48.5943342499936,19.69,21.799764174948596,21.813324999786172,23.42874001501113,9.463026834147028e-06,0.05013506941881533,20.910609091357927,0.05071941842007878,21.7183779855856,21.77884938548963,106.92761874953521,22.791197277192797,True,62526.0,292052620.16508126
A_M_2.1999999999999997_1.0_14,822312,62527.1674569525,2462527.6678290074,149380734.33948088,33.22194577396691,106.92697199852994,-0.2679041870766454,22.791264193169354,0.0253236373962823,-126287119.20730968,241344043.6832554,105367415.04860836,-26.111803982865712,15.118566322189144,6.601403185180557,-86190337.15759198,109593007.4399351,47501049.08467986,-25.012318338529614,-16.25255777118806,-6.972193482756629,10.050688628911011,COM,0.566709,1.028653,0.151,0.907,1.48,62429.508135,60796.001439,19.69,0.15,33.6,29.2,r,1.3183972172381966,1.5406292180513341,23.381245051797524,105.92574111767085,21.598824401474303,46.912979185880296,19.69,21.799941107821454,21.810135278771877,23.32968581452326,1.162131277103842e-05,0.05437379325859377,19.29867226679199,0.054850501951057756,21.78645163008752,21.77783500425027,106.9269717696576,22.791259833295392,True,62526.0,292057658.78177553
A_M_2.1999999999999997_1.0_14,822358,62527.18930444819,2462527.6896770075,149443497.2443931,33.28075094825715,106.920630937549,-0.2672022921922796,22.791809338420883,0.0245833201856255,-126336402.93714854,241372577.0488376,105379873.91858548,-26.11053401464421,15.116139994785897,6.600343878547204,-86237521.95251875,109562273.39019762,47487884.30143242,-24.979269265566245,-16.309832965482766,-6.976013206919417,10.062631447221012,COM,0.566709,1.028653,0.151,0.907,1.48,62429.508135,60796.001439,19.360000000000003,0.15,33.6,29.2,i,1.1447436143888499,1.3293717936604013,23.083242180300935,107.4194779801708,24.435019843629362,48.5943342499936,19.69,21.471675489770025,21.48524536270949,22.99522376604968,1.0271958516140064e-05,0.05486693410951395,19.06413720887576,0.05550833506242303,21.39838312271819,21.500947661709073,106.92063270039074,22.791800554314374,True,62526.0,292107044.566528
A_M_2.1999999999999997_1.0_14,822363,62527.191533056735,2462527.6919060075,149449906.7174751,33.286661008038635,106.91998500273408,-0.2671168721740556,22.791864051891064,0.0245091223261321,-126341430.87912384,241375487.85256252,105381144.898184,-26.110404456961145,15.115892506508082,6.600235828011021,-86242332.24070026,109559131.8085362,47486540.78413498,-24.975526469090013,-16.315461974838094,-6.976403946601405,10.063848744303415,COM,0.566709,1.028653,0.151,0.907,1.48,62429.508135,60796.001439,19.360000000000003,0.15,33.6,29.2,i,1.0893715553947776,1.2620091914778315,23.160865613672517,105.92574111767085,21.598824401474303,46.912979185880296,19.69,21.471852445412125,21.486878477861023,23.109749012220686,8.968596576367502e-06,0.0498334207372202,21.0132633939437,0.050477314432941546,21.52770874423637,21.448784267716327,106.91997203687293,22.79187626858942,True,62526.0,292112082.9282812
A_M_2.1999999999999997_1.0_803,908380,62686.28157297039,2462686.7819450004,255745705.1158845,-54.3106469837083,279.77096184341184,-0.2069915503673564,-24.979111108423243,-0.0228696438181366,70827556.96541406,-364995942.6676756,-167183407.40656617,9.98232217201699,53.02584611376728,24.273927681938016,31484740.335462045,-136535055.63398656,-59185113.15789323,28.963776618839475,5.833106493211663,2.4102891157742503,1.3422619641646958,COM,0.743391,3.387992,1.166,2.114,4.333,62760.899252,60796.001439,20.060000000000002,0.15,33.6,29.2,i,0.8832080315363989,1.0112019848374683,23.70535022009523,279.5131488828908,-25.07089305015512,84.66195921896187,20.39,23.560891768481277,23.575010624748767,23.70535022009523,2.6400706776745448e-05,0.17819082276433829,5.535342788859804,0.18030962799626554,23.639639161520012,23.29897096312112,279.77096354637655,-24.97908408336958,True,62733.0,407662694.7632368
A_M_2.1999999999999997_1.0_803,915593,62700.00501630541,2462700.505388996,194824181.69002777,-48.58223696408634,275.9393955840345,-0.3180053691625591,-25.32828799997615,-0.0284423309688347,82542090.14362527,-301550012.6891007,-138139253.92994553,9.747416395627612,54.030323892377965,24.73406111297445,64320299.193798736,-126399298.46203172,-54792655.8498956,26.791404634067565,11.172961257667236,4.96210960961305,8.647122895282765,COM,0.743391,3.387992,1.166,2.114,4.333,62760.899252,60796.001439,19.89,0.15,33.6,29.2,z,0.9827343128295754,1.1322801859240577,22.8945578425362,275.34531628522916,-25.70283106540937,238.45627271394326,20.39,22.86301177385991,22.88917869760946,22.89448105981989,3.296441365212126e-05,0.19844662541546734,4.869104724909285,0.20280685852964897,22.690516563868304,22.84169796949804,275.939408999105,-25.328270489874008,True,62733.0,341801199.9311839
A_M_2.1999999999999997_1.0_803,915644,62700.02910037898,2462700.529472996,194723119.6332901,-48.53289863810197,275.93090394715085,-0.3193469754337326,-25.32896744970926,-0.0279690029047808,82562375.81806663,-301437562.8910415,-138087776.53695762,9.74684471309964,54.0324102756804,24.735016899257754,64376084.51937275,-126375990.72596316,-54782326.05734774,26.82502873485977,11.230063325661698,4.966293012905202,8.663088203987998,COM,0.743391,3.387992,1.166,2.114,4.333,62760.899252,60796.001439,20.060000000000002,0.15,33.6,29.2,i,0.8333761838514027,0.9505792990892976,23.74895977477862,275.34531628522916,-25.70283106540937,239.37608588806484,20.39,23.031803562883063,23.068847591173704,23.748919510116636,1.5406822519113167e-05,0.11243230773647295,8.864732612049215,0.11604919385815095,22.833075127229254,22.99394322365886,275.93091868265276,-25.328967569450473,True,62733.0,341686090.2222024
A_M_2.1999999999999997_1.0_803,918978,62706.17725850838,2462706.677630994,169763122.57751492,-45.55422289500813,273.5932680382059,-0.3878088027579967,-25.47630526932105,-0.0204740829083854,87697363.8274448,-272581327.9007104,-124877886.93756545,9.574180759997883,54.61211210047157,25.0005910539042,78092317.09585293,-119626706.32457794,-51856351.736952215,25.445519005388903,14.1005326074164,6.039761689068685,13.090812541666084,COM,0.743391,3.387992,1.166,2.114,4.333,62760.899252,60796.001439,21.12,0.15,33.6,29.2,g,1.2530694105612055,1.4611550006827316,24.20656704557375,273.95763085610577,-24.752007564913797,46.920268270397784,20.39,23.764407680442933,23.787718607007683,24.2039675414252,2.8978648427658944e-05,0.14046808249276146,7.0891135165757175,0.14327249835950523,23.787183688944605,23.718544854758985,273.5932627285439,-25.476332806619222,True,62733.0,312387411.0593915
A_M_2.1999999999999997_1.0_803,919029,62706.20163730281,2462706.702009994,169667215.0937725,-45.49362375667936,273.5828011052654,-0.3873362849928364,-25.476795535969963,-0.0197547153502899,87717532.5735814,-272466275.812201,-124825217.847219,9.57337557759776,54.61461283357412,25.001736733749443,78145877.72465236,-119596937.90531914,-51843625.4485806,25.409544424634056,14.1641692710334,6.044003227690703,13.110310492324617,COM,0.743391,3.387992,1.166,2.114,4.333,62760.899252,60796.001439,20.39,0.15,33.6,29.2,r,1.150966484076453,1.3369421947402107,23.874420091729117,273.95763085610577,-24.752007564913797,46.920268270397784,20.39,23.03305874825129,23.0607152325727,23.871761240671283,1.878909748804305e-05,0.10038932053261959,10.069779291818588,0.10279752549738362,22.92838902957424,23.19393378227546,273.58278466993585,-25.476823225092367,True,62733.0,312271631.7348942
A_M_2.1999999999999997_1.0_803,922488,62714.21455593483,2462714.7149279914,139143994.976621,-42.29347278827562,269.7684672922723,-0.4979501025169624,-25.62330711011667,-0.0084648872544132,94239175.4151917,-234342147.6243076,-107372459.5276334,9.23838085390913,55.54072124673393,25.42604615737913,94746159.36645868,-108883058.67888673,-47199281.895800926,23.0813432673786,17.247450938354152,7.350515461592017,20.31485933891417,COM,0.743391,3.387992,1.166,2.114,4.333,62760.899252,60796.001439,19.89,0.15,33.6,29.2,z,0.9230411354925027,1.0596607487743341,22.98595445655778,269.665389787444,-25.533601892313502,-41.84628948549264,20.39,22.060453503251136,22.130197928936074,22.98595445655778,1.4723991453771649e-05,0.09753438155974295,9.993683550340531,0.10354409594552931,22.031969412072893,22.0463844652616,269.768475422926,-25.623282028354048,True,62733.0,274456024.5305636
A_M_2.1999999999999997_1.0_803,924949,62720.20756157304,2462720.70793399,117644531.64023162,-40.22859474194839,266.1525007374496,-0.6174500138460804,-25.661841696550475,0.0074922320784741,98931497.18779027,-205364540.5357797,-94106680.14599124,8.860077195863015,56.39754837933154,25.81865940483709,106046944.5188025,-99562799.18191582,-43159670.806687206,21.07334742023062,19.31095127972408,8.236655562593134,27.139167425186265,COM,0.743391,3.387992,1.166,2.114,4.333,62760.899252,60796.001439,20.060000000000002,0.15,33.6,29.2,i,0.8414627251446257,0.9604169405652381,23.476454343903278,266.70784102696695,-24.929787534536423,58.39168289780796,20.39,21.840040940874633,21.963951980070597,23.471234722039405,7.966933133120584e-06,0.05632139719897233,16.838677164079794,0.06263668827681702,21.859186691451487,22.063969882649765,266.1525102311399,-25.6618406627877,True,62733.0,246613265.85037872
A_M_2.1999999999999997_1.0_803,929868,62725.15543150328,2462725.655803988,100642602.3680252,-38.77932795641277,262.44517276989035,-0.7684761806959319,-25.60482125519225,0.0295905994941901,102630366.30448636,-181076258.12975624,-82987482.24404496,8.418617718110315,57.2405612172195,26.204990034111997,114562908.08678938,-91104979.35354164,-39493610.79765957,19.342892642524216,20.77678062005379,8.903382790923175,34.0878809730953,COM,0.743391,3.387992,1.166,2.114,4.333,62760.899252,60796.001439,20.060000000000002,0.15,33.6,29.2,i,1.0977142655516028,1.2721584739070595,22.684898292347235,262.67358115488577,-24.276342210996628,-2.9858627827766853,20.39,21.492032635629112,21.602956887760552,22.65456394856511,1.4861341491040656e-05,0.08335738727296321,11.34834992987641,0.09169052292202681,21.538005398128323,21.69756660541157,262.4451790128593,-25.6048130320342,True,62733.0,224072589.92405304
A_M_2.1999999999999997_1.0_803,929869,62725.155876079145,2462725.6562489886,100641111.08023234,-38.77844994601224,262.4447935628848,-0.7684548768821641,-25.604808082828804,0.0296109813822129,102630690.02470829,-181074057.0565321,-82986474.58268149,8.418571160411508,57.24064335526183,26.20502767825579,114563651.7671714,-91104180.50700408,-39493268.47897776,19.342072472801878,20.7778325156426,8.903442228179454,34.088580014564144,COM,0.743391,3.387992,1.166,2.114,4.333,62760.899252,60796.001439,20.060000000000002,0.15,33.6,29.2,i,1.0878035553586718,1.2601016488548318,22.70559871399187,263.2304926539557,-27.10576808390942,-7.407521064738986,20.39,21.492000736323874,21.604843040007257,22.62702456250689,1.5115414040104866e-05,0.08552019523227684,11.030377847407149,0.0942221956344056,21.574060153612074,21.549055208085527,262.44482767050033,-25.604793816812442,True,62733.0,224070586.28370222
A_M_2.1999999999999997_1.0_803,929919,62725.1795468198,2462725.679918988,100561834.68911722,-38.73471008424509,262.4246398076226,-0.7671629161901511,-25.60409490404064,0.030625961645067,102647906.43342052,-180956975.299056,-82932874.01770058,8.41609269889398,57.24501409404203,26.207030803393412,114603160.9114565,-91061632.70991054,-39475056.916666746,19.29486890012341,20.830961949903344,8.906613807902021,34.125757310165895,COM,0.743391,3.387992,1.166,2.114,4.333,62760.899252,60796.001439,19.89,0.15,33.6,29.2,z,1.0143884608771976,1.1707888818457393,22.451504532513432,262.67358115488577,-24.276342210996628,-2.9858627827766853,20.39,21.3203038950997,21.44865685247944,22.420899547084556,1.4789076961400318e-05,0.0894935271422512,10.374323604832579,0.0999144730427294,21.316453347206732,21.528672933672897,262.42462331483944,-25.604099455624908,True,62733.0,223964017.63985038
A_M_2.1999999999999997_1.0_803,929920,62725.179990067496,2462725.6803629883,100560348.46307248,-38.73394790492984,262.4242621032706,-0.7671358609093245,-25.604081302184387,0.0306436382873868,102648229.32908246,-180954779.00274143,-82931868.54314284,8.416046170320916,57.245096112629,26.207068392817007,114603901.07549173,-91060833.58262044,-39474715.24347321,19.29391916380304,20.83190222822077,8.906673480205885,34.126454554041686,COM,0.743391,3.387992,1.166,2.114,4.333,62760.899252,60796.001439,19.89,0.15,33.6,29.2,z,1.0020205529016752,1.1557427650871963,22.475949416676173,263.2304926539557,-27.10576808390942,-7.407521064738986,20.39,21.32027206272442,21.451600788498332,22.39571662588882,1.4981336747349023e-05,0.09172317368022595,10.083824354247046,0.10266090650337806,21.297469246950826,21.448251173435242,262.42424391300943,-25.60407270104203,True,62733.0,223962018.76296797
A_M_2.1999999999999997_1.0_803,930738,62729.09407474301,2462729.5944469874,87551374.41037962,-37.71996120455453,258.798011810354,-0.9490105850992022,-25.455643204252432,0.059741654998061,105418740.84350732,-161465619.18106526,-74009575.33291663,7.945735723429145,58.0168604957957,26.56079331549708,120775994.85459214,-83919941.66188797,-36378925.47834652,17.881460736562413,21.792686120846085,9.394155030105315,40.809964167921386,COM,0.743391,3.387992,1.166,2.114,4.333,62760.899252,60796.001439,20.060000000000002,0.15,33.6,29.2,i,0.6818153911671148,0.7661987727093853,23.755584124909245,259.20940158847026,-26.201440611733783,24.435961008635996,20.39,21.200383240503314,21.563830367811757,23.751846018118346,4.431224434743585e-06,0.03249571451995134,24.081877798746493,0.044174248291957555,21.182991697819862,21.49077800012908,258.79801448159094,-25.4556471246341,True,62733.0,206547026.94426277
A_M_2.1999999999999997_1.0_803,930789,62729.11831784684,2462729.618689988,87472406.81627944,-37.66595187279405,258.77253763919055,-0.9484709148582844,-25.454176187848816,0.0612640916224997,105435382.54839678,-161344076.7232366,-73953931.77955252,7.942406688794559,58.02195694877418,26.5631293413842,120813417.2241846,-83874227.35913405,-36359245.40971799,17.849400670490276,21.85651435119109,9.39713503694056,40.85590557537439,COM,0.743391,3.387992,1.166,2.114,4.333,62760.899252,60796.001439,19.89,0.15,33.6,29.2,z,0.9462026151039042,1.0878377312699565,22.895127572485304,259.20940158847026,-26.201440611733783,24.435961008635996,20.39,21.028581535866024,21.2388657132681,22.891121820849904,8.026022203867103e-06,0.05064292330720992,17.410202675940493,0.060636856921660744,21.026467583588985,21.151031608504162,258.7725514303722,-25.454176971704857,True,62733.0,206440584.70285133
A_M_2.1999999999999997_1.0_803,931473,62730.11109873077,2462730.611470988,84234507.11224324,-37.37702049469003,257.71935887490633,-1.006084683183052,-25.39386079616221,0.0726303374914275,106110746.82459728,-156357489.17172667,-71671008.72976755,7.801071092934752,58.23416682210408,26.66040039545629,122296358.56513666,-82002879.13328086,-35548022.59825116,17.45890923866571,22.117853212847653,9.51512617928706,42.76721021443307,COM,0.743391,3.387992,1.166,2.114,4.333,62760.899252,60796.001439,20.39,0.15,33.6,29.2,r,0.7552905762580159,0.8555846426496543,23.937853211967827,257.48499998698185,-26.40019262066607,-7.017615967688474,20.39,21.453639974513745,21.79066398202803,23.927941673291024,4.868195085709376e-06,0.03394591389315824,23.551808891402096,0.04514806574969196,21.425002911222503,21.72075944095314,257.7193539282645,-25.393863185115865,True,62733.0,202098709.80316234
A_M_2.1999999999999997_1.0_803,934968,62734.057168463776,2462734.5575409867,71624340.69036956,-36.15848544326533,252.8065286756216,-1.3148403902958226,-25.012348055760377,0.1396662746597472,108661537.73477626,-136348140.45130366,-62510363.95589133,7.128378918333358,59.14773951165066,27.079201042660102,127848045.85482173,-74341536.23752375,-32226620.472543508,15.867356330204291,23.037823026809605,9.959625256831218,51.476003808459005,COM,0.743391,3.387992,1.166,2.114,4.333,62760.899252,60796.001439,20.39,0.15,33.6,29.2,r,0.7244066556582414,0.8180129630878848,24.399990268958504,254.22488427200352,-25.25034245687847,45.63699155630084,20.39,21.155755005379923,21.67756666060314,24.373225358704502,3.697061662443615e-06,0.02172105970237078,31.982445835640693,0.033427962128096095,21.161871034011646,21.68578464612031,252.8065236458844,-25.012351705714952,True,62733.0,185217954.8243437
A_M_2.1999999999999997_1.0_803,935019,62734.08147666052,2462734.5818489864,71548444.9421031,-36.10106765596737,252.77125589077343,-1.3150820845150506,-25.008926597502388,0.1418199611463785,108676505.62889844,-136223896.4488542,-62453482.17837732,7.123607456238437,59.15372358260536,27.08194451834388,127881346.8654197,-74293082.28874718,-32205700.372442234,15.843171375596471,23.10379815474489,9.962280556838408,51.53670204136237,COM,0.743391,3.387992,1.166,2.114,4.333,62760.899252,60796.001439,21.12,0.15,33.6,29.2,g,1.3763999008341268,1.6111920934721737,24.042895151011535,254.22488427200352,-25.25034245687847,45.63699155630084,20.39,21.883976210714074,22.073479207708143,24.013291294381794,8.9927152529433e-06,0.03974418200511678,22.758065200658898,0.04668933134612662,21.901538171966273,22.090422781546376,252.7712644016724,-25.008922606380644,True,62733.0,185116099.45010468
A_M_2.1999999999999997_1.0_513,1360337,63442.31161032759,2463442.811982992,77567835.74555118,-33.37445353637974,324.21434480132285,0.8822053767093551,-17.02574140774886,0.2743072556528277,150066174.62015507,-155702648.3270123,-71407729.15909415,6.827547973227594,45.59252615396026,20.844234567617743,89900094.71700183,-112332397.65359987,-48695764.73807686,23.61351350309928,16.45764553700332,6.963827521166857,9.864764767777013,COM,1.020415,2.601436,1.142,4.07,3.004,63482.89319,60796.001439,22.64,0.15,33.6,29.2,i,1.027086134694422,1.1862361735941873,23.44856377531198,323.8299259452035,-16.0787272509,108.30857705876132,22.97,22.779549344069064,22.952839026955196,23.438939953837238,2.3163707224969263e-05,0.1368586247704018,6.363048196111405,0.15848107619543578,22.950452346950993,22.860170562177693,324.21435224467695,-17.02575405127501,True,63452.0,227732815.4764497
A_M_2.1999999999999997_1.0_513,1360388,63442.33588343227,2463442.8362559923,77497904.70247398,-33.31072393990632,324.2367803749079,0.8854998325285923,-17.019063904622325,0.2758793980798789,150080491.14708623,-155607017.78189248,-71364008.27022177,6.824009469575753,45.596196000824754,20.845917633032325,89949545.52125424,-112297863.72800228,-48681156.0123292,23.54545793479767,16.474364171200193,6.967905450166678,9.867211706543817,COM,1.020415,2.601436,1.142,4.07,3.004,63482.89319,60796.001439,22.47,0.15,33.6,29.2,z,1.0484904853840629,1.2122755296643102,22.84437634753594,323.8299259452035,-16.0787272509,108.30857705876132,22.97,22.607020555509887,22.77510088081659,22.834701876475986,3.464882092005652e-05,0.19581582666979042,4.341921684795613,0.225038827344301,23.014167886271164,22.42891974105401,324.2368468941606,-17.019046587893786,True,63452.0,227663171.11539388
A_M_2.1999999999999997_1.0_513,1363227,63447.186362348526,2463447.6867349907,64003163.75229082,-30.90491829405733,329.69586921544914,1.253252638648245,-15.360196132429554,0.4240564747519533,152781832.36685622,-136339807.28245324,-62555085.1702173,6.039954031736591,46.350202468741344,21.1917934846895,99497938.50807709,-105198060.17763768,-45601524.6943579,22.341656360052426,18.0600720092244,7.720270394361642,11.106164868820382,COM,1.020415,2.601436,1.142,4.07,3.004,63482.89319,60796.001439,23.7,0.15,33.6,29.2,g,0.8608332616237651,0.983982070101904,24.616215442785546,330.4937018358151,-15.773459736311194,134.73443311768116,22.97,23.33481502936465,23.742356985213473,24.611414316046858,1.434412936053176e-05,0.10159076365367475,7.060295762096821,0.14382020888349525,23.214226918531512,23.655486050321905,329.69589431624087,-15.360179087449396,True,63452.0,214112050.1789747
A_M_2.1999999999999997_1.0_513,1363686,63449.17742838333,2463449.67780099,58826787.25100953,-29.552791366119468,332.5505240503231,1.465318497536171,-14.41927038990558,0.5183630168421083,153789549.67709687,-128338042.05118965,-58896549.99973352,5.669527175756843,46.66985099966576,21.33847080041697,103230071.3731893,-102075083.26838994,-44247760.01949267,21.6834638630508,18.734377823676425,8.015096956499635,12.108760588505676,COM,1.020415,2.601436,1.142,4.07,3.004,63482.89319,60796.001439,22.97,0.15,33.6,29.2,r,0.9996867955588757,1.152903644232209,24.020600605022715,331.6327266996409,-13.559252391997502,174.74254067941783,22.97,22.403312820792927,22.812374932430142,23.99917591093598,1.2673322636095117e-05,0.07772719620963874,9.341800366079866,0.11041391969530642,22.294245235950076,22.834583998192695,332.5505218504031,-14.419252150457476,True,63452.0,208783816.97173822
A_M_2.1999999999999997_1.0_513,1364132,63450.15992509875,2463450.6602979903,56364305.48714463,-28.836915351692426,334.1273875558107,1.5879792835147335,-13.87944600297402,0.5734536060143326,154262678.0856699,-124369203.13287634,-57081898.92681814,5.475246886345255,46.82919749749395,21.41160263117596,105028703.84590624,-100491545.8696155,-43561240.76145151,21.367275146940404,19.031827978349323,8.157149201484096,12.749006708542344,COM,1.020415,2.601436,1.142,4.07,3.004,63482.89319,60796.001439,22.97,0.15,33.6,29.2,r,1.1972317054265953,1.3932259190104566,23.792514534307195,334.54722399238193,-14.24201612529519,158.28235886189998,22.97,22.306284947813555,22.657288792048842,23.792514534307195,1.5714592035142182e-05,0.08105781632280594,9.419796840211813,0.1095442876816288,22.242807165245914,22.497819830476455,334.12737022197183,-13.879457580144491,True,63452.0,206211095.05349407
A_M_2.1999999999999997_1.0_513,1364183,63450.18410223127,2463450.6844749902,56304137.87639476,-28.765671599186213,334.1669390975859,1.5885374178616694,-13.865550641225145,0.5760315791834834,154274111.29019865,-124271368.45500004,-57037166.202416725,5.470366857462303,46.83312986322128,21.41340749479605,105073292.9035254,-100451729.27495188,-43544197.61066569,21.32303511934503,19.089460850685786,8.16073436320335,12.765357094301002,COM,1.020415,2.601436,1.142,4.07,3.004,63482.89319,60796.001439,22.64,0.15,33.6,29.2,i,1.1120538105958802,1.289603175907397,23.456158387074897,334.54722399238193,-14.24201612529519,158.28235886189998,22.97,21.97388099816363,22.36682546820626,23.456158387074897,1.527715210294033e-05,0.08461716476702386,8.671309286123408,0.11850148833886966,21.987816792970523,22.433218007632597,334.16694453001764,-13.865562757172665,True,63452.0,206148278.57748675
A_M_2.1999999999999997_1.0_513,1364508,63450.33971173317,2463450.8400839902,55920686.11068072,-28.276063716421405,334.42284627393883,1.610870709572483,-13.774562536318758,0.5933465651088796,154347453.55390027,-123641484.826811,-56749165.61751376,5.438842210280512,46.85845129464144,21.425029568137496,105357400.22380257,-100193398.20261636,-43434322.64180714,20.91704059385903,19.280980128673004,8.184153441241175,12.87191139263701,COM,1.020415,2.601436,1.142,4.07,3.004,63482.89319,60796.001439,22.64,0.15,33.6,29.2,i,1.546355530071953,1.8179507665108916,23.051326987151697,334.54722399238193,-14.24201612529519,43.748962323285824,22.97,21.9585396542753,22.197318764508406,23.051326987151697,2.5496991723009098e-05,0.10184376498373311,8.201858421493979,0.12490819664176465,22.03481960325068,22.3744914550321,334.4228291469817,-13.774537791876938,True,63452.0,205744552.7517945
A_M_2.1999999999999997_1.0_513,1364559,63450.36408488452,2463450.8644569903,55861209.88646574,-28.20834133611405,334.46334801881085,1.617252832501959,-13.760069856860015,0.5958752726459033,154358902.67555767,-123542795.55221334,-56704042.03969523,5.433886342466089,46.862419200081526,21.426850784607684,105401374.83131231,-100152797.84332292,-43417084.35413684,20.84794221186278,19.277477350462,8.187832191532104,12.889005896131057,COM,1.020415,2.601436,1.142,4.07,3.004,63482.89319,60796.001439,22.47,0.15,33.6,29.2,z,0.9479333245757547,1.0899432172454437,22.94813122802992,334.54722399238193,-14.24201612529519,43.748962323285824,22.97,21.78616392403233,22.29342333107353,22.94813122802992,1.9258168480003553e-05,0.123646929070255,5.236375841109787,0.18975367492859396,21.94079284761047,22.70119647544362,334.46338286008023,-13.760069875445023,True,63452.0,205681407.89020723
A_M_2.1999999999999997_1.0_513,1366242,63452.23281967432,2463452.7331919894,51393685.946381,-26.869177083375533,337.8765882693443,1.87780095493441,-12.54046862887404,0.7188330470786778,155204845.15239885,-115951120.92806084,-53232865.02185313,5.038904973059662,47.16784877590432,21.56705638157043,108730861.02350289,-97057868.29127888,-42073798.790976256,20.494919901982588,19.844480792890565,8.44981530255443,14.48149190541108,COM,1.020415,2.601436,1.142,4.07,3.004,63482.89319,60796.001439,22.97,0.15,33.6,29.2,r,0.8655265650352032,0.9896916849576681,24.212735812460878,337.3323988940846,-11.673785674599811,91.34897302635368,22.97,22.109450085256693,22.79681565071799,24.203089725350296,9.393765870451313e-06,0.06552315822502182,8.69606147978209,0.11818189769466864,22.22189543960042,22.80399464716009,337.8765654682945,-12.540475649704883,True,63452.0,200915266.52220514
A_M_2.1999999999999997_1.0_513,1367355,63453.29969914981,2463453.800071989,48970628.58473552,-25.64075113023908,340.06016730425387,2.054385443190431,-11.726595267905036,0.809545407074822,155658416.2851299,-111594814.10284734,-51240969.37545881,4.799683369850682,47.34291575947361,21.647436387505184,110584328.91524912,-95242771.01338457,-41288090.46748341,19.94112014785551,20.235374583238038,8.596581872638806,15.610764889355456,COM,1.020415,2.601436,1.142,4.07,3.004,63482.89319,60796.001439,22.97,0.15,33.6,29.2,r,0.7794035244951232,0.8849191295561109,24.335964240452622,340.7440636875264,-12.233479120140192,60.6738356171007,22.97,22.013983788428618,22.86961216819055,24.332115366747615,8.1986303910373e-06,0.06263119196201837,7.834179640149902,0.13043175104022625,21.989046851452027,22.980446261998324,340.06016336862467,-11.726596434349872,True,63452.0,198263920.16093236
A_M_2.1999999999999997_1.0_513,1367408,63453.32574271687,2463453.8261149894,48913030.29427019,-25.55298071906042,340.11489441560315,2.061051854748471,-11.705466495701382,0.8130496924188243,155669210.33245,-111488273.18185592,-51192253.78168944,4.793715197696736,47.347191910821216,21.6493998951046,110629113.84278208,-95197227.3697632,-41268742.955480166,19.8656529717821,20.243986633422555,8.600325648259732,15.63971960364023,COM,1.020415,2.601436,1.142,4.07,3.004,63482.89319,60796.001439,22.64,0.15,33.6,29.2,i,1.0663373220180776,1.2339870097543524,23.50554346615048,340.7440636875264,-12.233479120140192,60.6738356171007,22.97,21.681698426054155,22.276514578509428,23.502415580221783,1.3294729719544681e-05,0.0766560292781383,8.017566358503743,0.1276169594401883,21.77271145575381,22.251743547299636,340.1148837531954,-11.70546406250065,True,63452.0,198199861.12469804
A_M_2.1999999999999997_1.0_513,1370131,63456.25484503434,2463456.7552179885,42838638.99924061,-22.145874656827967,347.19397312772907,2.630089610936967,-8.919610808802899,1.105587553283645,156794103.98259005,-99444132.49275148,-45684975.00054606,4.081758313101653,47.827239256249264,21.869880555752097,115526199.22082366,-90063729.47084829,-39042907.02229512,18.92537563086353,21.116368912194105,8.986029420239277,19.80045043441192,COM,1.020415,2.601436,1.142,4.07,3.004,63482.89319,60796.001439,22.47,0.15,33.6,29.2,z,0.8184445281470757,0.9324142678188269,23.232050798096576,347.68354085211814,-8.948301764327482,160.00756117012915,22.97,21.281264442047824,22.318417590524902,23.232050798096576,1.362098298894239e-05,0.10126520145807688,3.998003201450884,0.24238348106787835,21.439436017959775,22.311111524204666,347.1939733138368,-8.919599099337033,True,63452.0,191208377.09614003
A_M_2.1999999999999997_1.0_263,1737663,64160.3782786605,2464160.8786509964,191647598.0417674,-24.144995488108407,359.45969637501327,0.6326638875826606,-1.174649690488899,0.2885473362475205,254441704.095147,-128842664.8247536,-58997299.28680942,2.9715882656088453,36.31656876833393,16.515698412257535,62842899.9133426,-127035819.74770015,-55068510.395951726,26.65053301736612,11.602213981937606,4.853610604525084,28.146319674983253,COM,1.66992,2.294647,1.023,4.158,2.332,64207.583888,60796.001439,20.56,0.15,33.6,29.2,r,1.0686783419918437,1.2368349659268172,23.950135540407615,359.47190731065734,-2.889532232308839,41.62932025996522,20.56,23.790251294800445,23.887464429414702,23.85971835316755,3.7625242488852436e-05,0.20756186651650504,4.344703318845202,0.22490869276931663,23.625277384250836,23.581482745828193,359.4597525596763,-1.1746199710574663,True,64199.0,291241642.6013346
A_M_2.1999999999999997_1.0_263,1760348,64191.37444900199,2464191.8748219875,145396901.3790657,-10.328632862061928,21.22007259315262,0.7110449986278964,8.520428753436741,0.3137919826660411,256704259.74293935,-29491077.48758048,-13806257.607272835,-1.5559478268032092,37.667249177114535,17.136973894388102,122661622.14282095,-81536821.94874921,-35348558.30426881,16.797548095123798,22.39171644212455,9.553136030608163,30.01687255454889,COM,1.66992,2.294647,1.023,4.158,2.332,64207.583888,60796.001439,20.23,0.15,33.6,29.2,i,0.7800314968648389,0.8856830862102663,23.801034222035547,22.737867595132517,7.680098554659359,48.496902355779675,20.56,22.657753729970747,22.869560826643827,23.708876664114268,1.3016372796674619e-05,0.10132334028246627,8.44928333605807,0.1214474939976379,22.64165615124274,22.86822054354188,21.220083652886444,8.520452502650366,True,64199.0,258761305.78327844
A_M_2.1999999999999997_1.0_263,1760371,64191.3860546155,2464191.886426988,145386562.492449,-10.295102121859223,21.228417258127557,0.7112032872337699,8.524069325063623,0.3136226363620356,256702698.5957105,-29453308.178906545,-13789074.199213192,-1.5579192555256038,37.66747564315265,17.137079900623142,122678449.52157676,-81514376.35796417,-35338978.921528324,16.767709672870534,22.37952883633309,9.554572738220717,30.01681646848953,COM,1.66992,2.294647,1.023,4.158,2.332,64207.583888,60796.001439,20.06,0.15,33.6,29.2,z,0.8024395019067014,0.9129434329765225,23.15096610644282,22.737867595132517,7.680098554659359,48.496902355779675,20.56,22.487540917970897,22.68898082271475,23.060215013935036,2.0127145237973312e-05,0.15085160204607667,5.588696123171074,0.17872245445979648,22.50455264135478,22.56654740356987,21.228440947860463,8.524058719606405,True,64199.0,258754538.89018688
A_M_2.1999999999999997_1.0_263,1761234,64193.34639759555,2464193.846769987,143700236.36127666,-9.54556661263686,22.66340005622342,0.7075067442988359,9.13611278296951,0.3102558927533,256410503.89863625,-23070202.55298918,-10884993.189469423,-1.8928996314215087,37.70177661274073,17.153190970764033,125488393.9976716,-77737867.95303582,-33701772.740384564,16.036453528892846,22.933337313397164,9.777370557690327,30.021847685274302,COM,1.66992,2.294647,1.023,4.158,2.332,64207.583888,60796.001439,21.29,0.15,33.6,29.2,g,1.1502473437524061,1.336067328165944,24.22628292057366,23.731513631470484,8.376427500251234,89.38716601961606,20.56,23.68328373920154,23.785610180173215,24.199941623344436,2.7234855580849197e-05,0.14352188669689384,6.44975966714246,0.15649682574206408,23.865894725026543,23.72492232925879,22.66338979789225,9.136082394088756,True,64199.0,257676277.200916
A_M_2.1999999999999997_1.0_263,1761285,64193.37050093039,2464193.870872987,143680431.94076532,-9.475340581235614,22.68067235035745,0.7075564883296935,9.143586164903464,0.3098649031229999,256406557.49915212,-22991685.756205447,-10849270.367460812,-1.897041500863038,37.70214887669906,17.153366589890748,125521721.3682604,-77690128.75717622,-33681408.3957765,15.971301710639468,22.913251942590783,9.78022836411822,30.021455660848247,COM,1.66992,2.294647,1.023,4.158,2.332,64207.583888,60796.001439,20.56,0.15,33.6,29.2,r,0.9691796921893192,1.1157903797923592,24.01034942636901,23.731513631470484,8.376427500251234,89.38716601961606,20.56,22.952868262541507,23.094128057531147,23.98465063716114,1.521925143867622e-05,0.0961895000137522,9.508815737928579,0.1085683636344116,22.814102180940157,23.16608188766562,22.680671879337126,9.143594299800995,True,64199.0,257663825.5750783
A_M_2.1999999999999997_1.0_263,1764717,64200.29230811471,2464200.7926809853,138853142.36193982,-6.781613780313702,27.68566600542767,0.685220914654284,11.228156729272364,0.2916185892720498,254912509.64026147,-421840.1499485048,-580112.4532144906,-3.1045753227742137,37.75721172421295,17.18024498858604,134310104.46507505,-63701035.26043486,-27617095.93721833,13.125545605310108,24.569090317930605,10.477961465433546,29.8466939450474,COM,1.66992,2.294647,1.023,4.158,2.332,64207.583888,60796.001439,20.06,0.15,33.6,29.2,z,0.6840073897254777,0.7688654376222357,23.214728415967283,26.833280036650628,10.071389325809882,156.6371222853898,20.56,22.350335891501516,22.59906446591054,23.17615246541773,1.4412031985174436e-05,0.1269636604121324,6.4372262553181425,0.15678054959415272,22.373924118443266,22.711039547876208,27.685663676882825,11.228175151979567,True,64199.0,254913518.76796743
A_M_2.1999999999999997_1.0_263,1764768,64200.31645907366,2464200.816831985,138839062.28481036,-6.714216215928692,27.70252901570425,0.6845513509428552,11.235193634371518,0.2911208913951782,254906026.8978295,-343052.4210800902,-544262.5406558939,-3.108836618961921,37.75721826045618,17.180254422645074,134337419.0663114,-63649775.60828632,-27595229.639698543,13.055182714632828,24.560531061826364,10.48035343644842,29.8452026879646,COM,1.66992,2.294647,1.023,4.158,2.332,64207.583888,60796.001439,20.23,0.15,33.6,29.2,i,0.789024001507447,0.8966228728801059,23.556210999545513,26.833280036650628,10.071389325809882,156.6371222853898,20.56,22.52001592601941,22.712911700381678,23.51543110654714,1.3545839126238003e-05,0.10428878648655236,8.33761662566769,0.12298529327639601,22.485657788918584,22.754765128655983,27.70254418443227,11.235183756727064,True,64199.0,254906838.7774517
A_M_2.1999999999999997_1.0_263,1768717,64204.36010457002,2464204.8604769846,136796927.35693863,-5.018119497249264,30.545707901541448,0.6626785234964567,12.38061125867828,0.27510283483364,253694940.1337149,12846489.13492885,5457420.086380504,-3.824582022362733,37.739611299837904,17.173330341634795,138621893.4750465,-55060425.77977565,-23872499.34341912,11.10682168680506,25.28849379441608,10.82412059413156,29.58432603413208,COM,1.66992,2.294647,1.023,4.158,2.332,64207.583888,60796.001439,20.23,0.15,33.6,29.2,i,1.0578119575730454,1.2236155201618557,22.642215661597337,29.059560146874365,11.544736599120048,144.86005121379364,20.56,22.473269185366842,22.578238725064672,22.559905722516433,3.6993589213833536e-05,0.2062798548418402,4.343598815241007,0.2249603472283511,22.73561133108136,22.282513590397045,30.545692939987703,12.380562229475606,True,64199.0,254078606.66837394
A_M_2.1999999999999997_1.0_263,1768718,64204.36055009306,2464204.860922985,136796734.02335426,-5.016857137683579,30.546010493528662,0.6626803282776126,12.380733952214316,0.2750922301005863,253694792.75170904,12847943.43290276,5458081.861601599,-3.8246611126586223,37.739607296264055,17.173328640354693,138622321.44854623,-55059451.31406667,-23872082.2415597,11.10571435714079,25.28789502247714,10.824158891752164,29.58428420360127,COM,1.66992,2.294647,1.023,4.158,2.332,64207.583888,60796.001439,20.23,0.15,33.6,29.2,i,1.0432485308848374,1.2058984560642791,22.686694486343853,32.21021630659562,12.038071936841625,148.9303632070137,20.56,22.47326440467117,22.5810480480716,22.607272917640888,3.506387657403551e-05,0.19888273036332463,4.509633768014029,0.21745364481233975,22.54734268170643,22.710962927937974,30.546005232868197,12.380777889704325,True,64199.0,254078547.25929856
A_M_2.1999999999999997_1.0_263,1768768,64204.38421754449,2464204.8845899845,136786544.09491363,-4.950587093806925,30.562070246153947,0.662937764640368,12.38723794173976,0.2745350766594195,253686967.5536579,12925115.532772357,5493198.869298703,-3.82885805268578,37.73939419204656,17.17323806418697,138644972.63262957,-55007776.81581395,-23849946.619473264,11.049871756200767,25.2526239196372,10.82618032708448,29.58206419501828,COM,1.66992,2.294647,1.023,4.158,2.332,64207.583888,60796.001439,20.06,0.15,33.6,29.2,z,1.1381815934144768,1.3213887997743026,22.302932610457205,29.059560146874365,11.544736599120048,144.86005121379364,20.56,22.303011889475954,22.39422465011485,22.217422712233475,4.58182735078473e-05,0.23450800566299024,3.816805661368753,0.25264769228145517,22.647997825163117,22.278672666513174,30.562116814651233,12.387142272361976,True,64199.0,254075404.85439327
A_M_2.1999999999999997_1.0_263,1768769,64204.38466256975,2464204.8850349844,136786353.79058945,-4.949358732797986,30.56237228667784,0.6629456153608432,12.38736010751948,0.2745247397199798,253686820.33781305,12926566.56053272,5493859.156666596,-3.8289369660926464,37.73939017283752,17.173236355526345,138645397.45892617,-55006805.91710246,-23849530.37386147,11.048879949401282,25.25189789524689,10.82621812063478,29.58202247173135,COM,1.66992,2.294647,1.023,4.158,2.332,64207.583888,60796.001439,20.06,0.15,33.6,29.2,z,1.0645329904080818,1.2317919591339195,22.406358227366834,32.21021630659562,12.038071936841625,148.9303632070137,20.56,22.30300716409767,22.40672033677657,22.329651284329266,3.925189006565856e-05,0.21650434403408972,4.1228874605009675,0.23578333767335088,22.326874048752437,22.45509229083446,30.562386527499314,12.387298312292039,True,64199.0,254075345.95979005
A_M_2.1999999999999997_1.0_263,1776279,64220.35943868556,2464220.859810982,133759182.61845064,0.5813837396119466,40.67236191589239,0.5215706847075051,16.195410834320917,0.1974843703988963,246464198.02665392,64782982.346992165,29093994.8770232,-6.6103925507994585,37.30860538917282,16.98149263380327,149040624.63864282,-18932781.48002921,-8213339.11946087,3.279804952875632,27.225920928079912,11.695020942989846,27.178006191974404,COM,1.66992,2.294647,1.023,4.158,2.332,64207.583888,60796.001439,21.29,0.15,33.6,29.2,g,1.1448778376267867,1.3295350822710301,24.15484836634571,40.11523939449023,17.663798488322836,18.02138370220717,20.56,23.43521961651199,23.491496289989247,24.094938397940844,2.2631953209365654e-05,0.12082407962315145,8.074833324429113,0.12676272629974933,23.593823245416377,23.271250454119816,40.67238652473435,16.195404107212234,True,64199.0,256491513.01475185
A_M_2.1999999999999997_1.0_263,1776281,64220.36032781656,2464220.860699982,133759227.3627609,0.5837769811859109,40.672844756769365,0.5215781383780167,16.19558638571626,0.197456897639527,246463690.2803043,64785847.99903832,29095299.21549801,-6.610541420991521,37.30856625265911,16.981475056582553,149040876.48931202,-18930690.3344428,-8212440.828455206,3.2779880966546,27.22418670343296,11.695049760238104,27.177794172151067,COM,1.66992,2.294647,1.023,4.158,2.332,64207.583888,60796.001439,21.29,0.15,33.6,29.2,g,1.1091891805116896,1.2861182244667757,24.217697572149902,39.984384220068314,14.594140472170878,17.441386998914272,20.56,23.435217389247946,23.495148416612466,24.122400080696153,2.1495705810999016e-05,0.11848216546702331,8.216533053001463,0.12469744570174482,23.392315620420725,23.556224677908855,40.67287503956021,16.195616339309005,True,64199.0,256491896.8778149
A_M_2.1999999999999997_1.0_263,1776316,64220.37726797456,2464220.877639982,133760114.82349402,0.6288227531974887,40.68204726816842,0.5218063306759564,16.19892690561816,0.196939508569181,246454012.9298158,64840452.75724213,29120153.278664947,-6.6133779734187055,37.307820204625386,16.981139985114165,149045649.84692514,-18890869.46878704,-8195323.368256257,3.2453347592278265,27.189746171014683,11.695591639745006,27.17375476478672,COM,1.66992,2.294647,1.023,4.158,2.332,64207.583888,60796.001439,20.56,0.15,33.6,29.2,r,1.147481553681219,1.3327026200501448,23.72485664367254,40.11523939449023,17.663798488322836,18.02138370220717,20.56,22.705175574510967,22.761203863230868,23.664968606791533,1.740821990665521e-05,0.09342533204338783,10.583479794625271,0.09802640110967924,22.783438858374907,22.8073918468073,40.68207945133133,16.198921846371654,True,64199.0,256499216.6263806
A_M_2.1999999999999997_1.0_263,1776318,64220.37815786796,2464220.8785299817,133760163.26338664,0.6311554955839296,40.68253088323848,0.5218227987241466,16.199102169804807,0.1969126964679319,246453504.38296032,64843321.571180746,29121459.05668023,-6.613526991419075,37.3077809928753,16.981122373892998,149045899.33817908,-18888778.75873322,-8194424.02316906,3.2437253567627917,27.187867563080616,11.695619719790562,27.17354260280848,COM,1.66992,2.294647,1.023,4.158,2.332,64207.583888,60796.001439,20.56,0.15,33.6,29.2,r,1.1614897103503181,1.3497441731755695,23.741127947075537,39.984384220068314,14.594140472170878,17.441386998914272,20.56,22.705173411051746,22.75986641011955,23.64387588200527,1.7917036017689744e-05,0.09499604744622177,10.413081215657645,0.09955913021949417,22.5746541707598,22.797367118755737,40.68252087052781,16.199111109566058,True,64199.0,256499601.46677673
A_M_2.1999999999999997_1.0_263,1776889,64227.32472961229,2464227.8251019814,134716675.71097755,2.6739798069677594,44.28834822126107,0.4418185183700782,17.452486457394528,0.1625871666305897,242141657.8174033,87133751.67212373,39267785.177629225,-7.743295695815544,36.956717417144695,16.823138790502718,150146064.22892696,-2604470.681499121,-1135740.9523056543,-0.2235748816786553,27.49512723247411,11.800196833267544,25.391596006842647,COM,1.66992,2.294647,1.023,4.158,2.332,64207.583888,60796.001439,20.56,0.15,33.6,29.2,r,1.0327420624100472,1.1931168642457994,23.88228401257323,42.951076678776985,17.566938802359438,45.843744465152604,20.56,22.70023894425525,22.750328872228348,23.857312375855884,1.3166678194222412e-05,0.07829260394272135,12.789597795063521,0.08173678023972736,22.623348008385303,22.830559749419045,44.28836194379954,17.452499414038126,True,64199.0,260320633.22713432
A_M_2.1999999999999997_1.0_263,1776948,64227.35239718162,2464227.8527699816,134723156.5203887,2.7483114069806858,44.30116157060292,0.4418283558079349,17.45697233798497,0.161680769452377,242123142.31487972,87222094.5953043,39307999.93898288,-7.747649080948324,36.95514974498117,16.822432266941842,150145459.30105606,-2538807.2389855715,-1107532.1263098237,-0.2809317650602613,27.440257376328685,11.80042176638332,25.383231326389414,COM,1.66992,2.294647,1.023,4.158,2.332,64207.583888,60796.001439,21.29,0.15,33.6,29.2,g,1.1346974047371279,1.3171501274174304,24.164671192840746,42.951076678776985,17.566938802359438,45.843744465152604,20.56,23.43024873592297,23.471636824010993,24.138904126490797,2.1112768057311955e-05,0.113961272595738,8.705299466734768,0.1180630621516087,23.553043483860304,23.413112918410576,44.30114915959274,17.45699252485953,True,64199.0,260339064.8543295
A_M_2.1999999999999997_1.0_263,1786657,64246.35778511768,2464246.8581579807,143672192.6574684,8.42567465881574,51.18388259140871,0.220789990429709,19.72312794894781,0.078154626663232,227126762.79780376,146882777.14068264,66470039.35471841,-10.400350742712304,35.644259943647235,16.230138074397935,142352976.1313329,41506166.09041981,17984228.22616221,-9.898596384232922,26.04377070138614,11.25128460361272,18.47257749318207,COM,1.66992,2.294647,1.023,4.158,2.332,64207.583888,60796.001439,20.56,0.15,33.6,29.2,r,1.7752280573377135,2.0963844979777537,23.171589845122874,51.200677805085306,20.71255437636592,126.83563325847891,20.56,22.773400734190435,22.777595579039914,23.162936261820253,4.186989543770766e-05,0.14340639161326213,7.055218165665762,0.14391714858679452,22.811094726726203,22.916264788792603,51.18390252911718,19.723087157528788,True,64199.0,278530757.2448455
A_M_2.1999999999999997_1.0_263,1789400,64251.32294346328,2464251.823315981,147546488.79160243,9.932140308588757,52.27908144045985,0.1695546450396179,20.07953282955556,0.0622193538414257,222540558.72031468,162089362.62853914,73394381.25712642,-10.973261729115563,35.250768291960895,16.052009249541392,137756238.41182804,52474005.53616816,22738099.57291284,-12.292756428478066,25.28316517154556,10.900079747307824,16.285539935422545,COM,1.66992,2.294647,1.023,4.158,2.332,64207.583888,60796.001439,21.29,0.15,33.6,29.2,g,1.3091426672708206,1.529370641448687,23.971396719087075,52.41474081912363,19.59341930760812,62.738222608380426,20.56,23.538946925003355,23.543631640707535,23.971396719087075,2.978034911650309e-05,0.13834339448056532,7.32763403682066,0.13889465073004886,23.568398766669134,23.50441043802013,52.279054705452666,20.079518540048092,True,64199.0,284928055.7491528
A_M_2.1999999999999997_1.0_263,1789451,64251.34704046526,2464251.8474129816,147567229.470145,9.992994498246595,52.283437862269736,0.1700879464387838,20.08102327517669,0.0614912860038892,222517710.59201205,162162749.59976172,73427799.21023728,-10.975918890905332,35.24883185849231,16.051132403268113,137730614.28401867,52526579.32403787,22760791.400164574,-12.320899681926033,25.220035236803465,10.898220211204691,16.274354075155234,COM,1.66992,2.294647,1.023,4.158,2.332,64207.583888,60796.001439,20.56,0.15,33.6,29.2,r,1.287938274818616,1.5035745435749586,23.546452697417934,52.41474081912363,19.59341930760812,62.738222608380426,20.56,22.80912819611847,22.813987745354385,23.546452697417934,2.2336946259181235e-05,0.10668613635065574,9.642885100094695,0.10713095402365343,22.787835781441323,22.97243249282572,52.28347657097129,20.08102947261944,True,64199.0,284960577.2413517
A_M_2.1999999999999997_1.0_263,1790137,64252.285839178825,2464252.786211981,148375984.43278208,10.162017206779918,52.46190414337782,0.1598865199056582,20.13942801270099,0.0602625647972525,221623285.79892087,165018702.07447752,74728311.67398039,-11.078520622176308,35.17323012070266,16.01689706389527,136746973.4040041,54557887.965386055,23641592.294141248,-12.711767749228882,25.180677444946397,10.822008585349868,15.849296751538768,COM,1.66992,2.294647,1.023,4.158,2.332,64207.583888,60796.001439,21.29,0.15,33.6,29.2,g,1.1692826747159526,1.3592246651045652,24.11789867245817,53.843989609602396,20.768194959013865,66.00996818541986,20.56,23.546537718875495,23.55184282322724,24.07771203755072,2.439864456701076e-05,0.12728661717563908,8.00121159260513,0.1278630383153256,23.58242548938334,23.316233810733188,52.46187710293162,20.139420804200835,True,64199.0,286238315.7585631
A_M_2.1999999999999997_1.0_263,1790188,64252.30992980432,2464252.8103019814,148397200.7226143,10.22626704070586,52.4660073690455,0.1599920918507722,20.14087046712113,0.0594959253005144,221600225.30012512,165091906.28004587,74761646.80981097,-11.08112988614041,35.171286213688056,16.01601674498705,136720472.10972908,54610238.46534948,23664114.9953641,-12.752039489519222,25.12233269167136,10.820112880123864,15.838014555537466,COM,1.66992,2.294647,1.023,4.158,2.332,64207.583888,60796.001439,20.56,0.15,33.6,29.2,r,1.030267271890828,1.190106170183489,23.842014924538706,53.843989609602396,20.768194959013865,66.00996818541986,20.56,22.8167215438546,22.823617194800118,23.802412543991036,1.4491981412066137e-05,0.08640322504620213,11.998373992431764,0.08691658388732705,22.837546529754512,22.756154594257016,52.466001810290265,20.14085104915772,True,64199.0,286271376.8541322
A_M_2.1999999999999997_1.0_263,1792545,64255.27398340528,2464255.774355981,151117399.6570433,11.133561092830702,52.97024588028563,0.1332114399777799,20.30769203291738,0.0517756819914617,218722169.7505208,174068015.47919738,78849190.84245053,-11.393261445511117,34.93085437336094,15.907118504902495,133371591.72614694,60926267.0560642,26402150.18458049,-14.103785573380272,24.58350448262082,10.560530050965957,14.473426438458416,COM,1.66992,2.294647,1.023,4.158,2.332,64207.583888,60796.001439,21.29,0.15,33.6,29.2,g,0.9058131723280136,1.0387021561168048,24.406964681405064,54.44277534752097,20.965869674595247,42.16254003248592,20.56,23.571426477210736,23.57777580900026,24.352987302553085,1.5258439503243107e-05,0.10287074642252775,10.005044246426934,0.10343194848446344,23.567194547147157,23.68984925991914,52.97023714952371,20.307700250461384,True,64199.0,290441485.41444784
A_M_2.1999999999999997_1.0_263,1792555,64255.27846574995,2464255.778837981,151121713.05257973,11.145670202875328,52.970882471759225,0.1331990662980471,20.30792377383357,0.0516339729972252,218717757.84463465,174081541.69678858,78855350.53009279,-11.39372012826624,34.93048920976612,15.906953088777549,133366128.49852154,60935784.86742794,26406239.618456285,-14.112057954056098,24.573031116186534,10.560136490126489,14.47128463207309,COM,1.66992,2.294647,1.023,4.158,2.332,64207.583888,60796.001439,21.29,0.15,33.6,29.2,g,0.8529937794457416,0.9744449871602696,24.48885561751456,51.93652304318729,18.906529780880863,39.40524372288333,20.56,23.571463512736976,23.57866558588245,24.40051980794902,1.3833345796458485e-05,0.0988550219091772,10.423126953034293,0.09946743988796718,23.631547055713146,23.60090031409893,52.970872320446915,20.30792581190182,True,64199.0,290447942.08831775
A_M_2.1999999999999997_1.0_263,1792596,64255.29811997942,2464255.7984919813,151140682.8419498,11.1983689196541,52.97367425891304,0.1332678842971382,20.308932516282955,0.05101791855659,218698409.1177128,174140853.78753132,78882360.5943657,-11.395731025646592,34.92888788494417,15.906227700908993,133342135.93993758,60977472.26407381,26424170.372930657,-14.145069347755602,24.52518298027851,10.558398815006086,14.461892256108673,COM,1.66992,2.294647,1.023,4.158,2.332,64207.583888,60796.001439,20.56,0.15,33.6,29.2,r,0.7963477170224471,0.905532502460398,24.13928412132696,54.44277534752097,20.965869674595247,42.16254003248592,20.56,22.84162667259644,22.849939423828918,24.085882964568928,9.175480932778976e-06,0.0692785285586652,15.06585240378892,0.06977516088792715,22.785000821745427,22.894816644606056,52.97366681332966,20.308923307779406,True,64199.0,290476260.5126422
A_M_2.1999999999999997_1.0_263,1792606,64255.30260078473,2464255.802972981,151145020.32037544,11.210244498396383,52.97431111674798,0.1333113834349171,20.30916081661325,0.0508792671394878,218693997.24089736,174154376.2236799,78888518.56180587,-11.396189391477378,34.9285227812604,15.906062311555118,133336658.24012886,60986965.21096194,26428258.068427023,-14.151826715534815,24.51388129853623,10.557999846565655,14.459751028651656,COM,1.66992,2.294647,1.023,4.158,2.332,64207.583888,60796.001439,20.56,0.15,33.6,29.2,r,0.8322904369740114,0.9492584391411331,24.093520257092905,51.93652304318729,18.906529780880863,39.40524372288333,20.56,22.84166405184792,22.84923307197694,24.004450363136097,1.0202978516133687e-05,0.07424565072181642,14.034473080992122,0.07473024990604307,22.66743613899085,22.86410226895327,52.97430975459952,20.30916122631457,True,64199.0,290482718.1570998
A_M_2.1999999999999997_1.0_263,1799568,64266.26193831226,2464266.7623109827,163467649.43610615,15.027520704649882,54.19867513799712,0.0565558132151927,20.73285446078757,0.0263454558841838,207409485.77608064,206801712.3074568,93756711.72208343,-12.402275660939605,34.03162092382594,15.499589596545324,117977307.2978164,82806982.0828384,35887335.18041254,-18.927611512102946,21.7893685416556,9.365711443474655,9.255543699120352,COM,1.66992,2.294647,1.023,4.158,2.332,64207.583888,60796.001439,20.23,0.15,33.6,29.2,i,1.7957089009825116,2.1213003661587733,22.215728169863645,54.67804069876709,22.02273854322344,65.68460352908781,20.56,22.616919838575118,22.61721169127526,22.183245487429627,8.895343908838848e-05,0.2824127785945163,3.365255482723889,0.2824790649929499,22.843763867652704,22.060681182271935,54.198501892085346,20.732962486372227,True,64199.0,307532053.60763973
